worm_num	t_reg_mask_90	t_int_mask_90	t_perc_mask_90	t_reg_mask_95	t_int_mask_95	t_perc_mask_95	t_reg_mask_96	t_int_mask_96	t_perc_mask_96	t_reg_mask_97	t_int_mask_97	t_perc_mask_97	t_reg_mask_98	t_int_mask_98	t_perc_mask_98	t_reg_mask_99	t_int_mask_99	t_perc_mask_99	t_reg_mask_99.9	t_int_mask_99.9	t_perc_mask_99.9	t_reg_mask_99.95	t_int_mask_99.95	t_perc_mask_99.95	t_reg_mask_99.99	t_int_mask_99.99	t_perc_mask_99.99	t_reg_non_95	t_int_non_95	t_reg_non_97	t_int_non_97	t_reg_non_99	t_int_non_99	t_reg_non_99.5	t_int_non_99.5	t_reg_non_99.9	t_int_non_99.9	t_reg_non_99.95	t_int_non_99.95	t_reg_non_99.99	t_int_non_99.99	t_reg_non_100	t_int_non_100	wat_reg_non_97_99.9	wat_per_non_97_99.9	wat_reg_non_97_99.95	wat_per_non_97_99.95	wat_reg_non_97_99.99	wat_per_non_97_99.99	wat_reg_non_99_99.9	wat_per_non_99_99.9	wat_reg_non_99_99.95	wat_per_non_99_99.95	wat_reg_non_99_99.99	wat_per_non_99_99.99	wat_reg_non_99.9_99.9	wat_per_non_99.9_99.9	wat_reg_non_99.9_99.95	wat_per_non_99.9_99.95	wat_reg_non_99.9_99.99	wat_per_non_99.9_99.99	wat_reg_mask_90_97	wat_per_mask_90_97	wat_reg_mask_90_99	wat_per_mask_90_99	wat_reg_mask_90_99.5	wat_per_mask_90_99.5	wat_reg_mask_90_99.9	wat_per_mask_90_99.9	wat_reg_mask_90_99.95	wat_per_mask_90_99.95	wat_reg_mask_90_99.99	wat_per_mask_90_99.99	wat_reg_mask_95_97	wat_per_mask_95_97	wat_reg_mask_95_99	wat_per_mask_95_99	wat_reg_mask_95_99.5	wat_per_mask_95_99.5	wat_reg_mask_95_99.9	wat_per_mask_95_99.9	wat_reg_mask_95_99.95	wat_per_mask_95_99.95	wat_reg_mask_95_99.99	wat_per_mask_95_99.99	wat_reg_mask_97_97	wat_per_mask_97_97	wat_reg_mask_97_99	wat_per_mask_97_99	wat_reg_mask_97_99.5	wat_per_mask_97_99.5	wat_reg_mask_97_99.9	wat_per_mask_97_99.9	wat_reg_mask_97_99.95	wat_per_mask_97_99.95	wat_reg_mask_97_99.99	wat_per_mask_97_99.99	wat_reg_mask_99_97	wat_per_mask_99_97	wat_reg_mask_99_99	wat_per_mask_99_99	wat_reg_mask_99_99.5	wat_per_mask_99_99.5	wat_reg_mask_99_99.9	wat_per_mask_99_99.9	wat_reg_mask_99_99.95	wat_per_mask_99_99.95	wat_reg_mask_99_99.99	wat_per_mask_99_99.99	log_0.05_4	doh_0.005_4	log_0.05_6	doh_0.005_6	log_0.1_4	doh_0.01_4	log_0.1_6	doh_0.01_6	log_0.125_4	doh_0.0125_4	log_0.125_6	doh_0.0125_6	log_0.15_4	doh_0.015_4	log_0.15_6	doh_0.015_6	log_0.175_4	doh_0.017499999999999998_4	log_0.175_6	doh_0.017499999999999998_6	log_0.2_4	doh_0.02_4	log_0.2_6	doh_0.02_6	log_0.25_4	doh_0.025_4	log_0.25_6	doh_0.025_6	log_0.3_4	doh_0.03_4	log_0.3_6	doh_0.03_6	log_0.4_4	doh_0.04_4	log_0.4_6	doh_0.04_6	log_0.5_4	doh_0.05_4	log_0.5_6	doh_0.05_6	log_0.6_4	doh_0.06_4	log_0.6_6	doh_0.06_6	dog_4_1.2_0.05	dog_4_1.2_0.1	dog_4_1.2_0.125	dog_4_1.2_0.15	dog_4_1.2_0.175	dog_4_1.2_0.2	dog_4_1.2_0.25	dog_4_1.2_0.3	dog_4_1.2_0.4	dog_4_1.2_0.5	dog_4_1.2_0.6	dog_4_1.4_0.05	dog_4_1.4_0.1	dog_4_1.4_0.125	dog_4_1.4_0.15	dog_4_1.4_0.175	dog_4_1.4_0.2	dog_4_1.4_0.25	dog_4_1.4_0.3	dog_4_1.4_0.4	dog_4_1.4_0.5	dog_4_1.4_0.6	dog_4_1.6_0.05	dog_4_1.6_0.1	dog_4_1.6_0.125	dog_4_1.6_0.15	dog_4_1.6_0.175	dog_4_1.6_0.2	dog_4_1.6_0.25	dog_4_1.6_0.3	dog_4_1.6_0.4	dog_4_1.6_0.5	dog_4_1.6_0.6	dog_4_1.8_0.05	dog_4_1.8_0.1	dog_4_1.8_0.125	dog_4_1.8_0.15	dog_4_1.8_0.175	dog_4_1.8_0.2	dog_4_1.8_0.25	dog_4_1.8_0.3	dog_4_1.8_0.4	dog_4_1.8_0.5	dog_4_1.8_0.6	dog_4_2_0.05	dog_4_2_0.1	dog_4_2_0.125	dog_4_2_0.15	dog_4_2_0.175	dog_4_2_0.2	dog_4_2_0.25	dog_4_2_0.3	dog_4_2_0.4	dog_4_2_0.5	dog_4_2_0.6	dog_4_2.5_0.05	dog_4_2.5_0.1	dog_4_2.5_0.125	dog_4_2.5_0.15	dog_4_2.5_0.175	dog_4_2.5_0.2	dog_4_2.5_0.25	dog_4_2.5_0.3	dog_4_2.5_0.4	dog_4_2.5_0.5	dog_4_2.5_0.6	dog_4_3_0.05	dog_4_3_0.1	dog_4_3_0.125	dog_4_3_0.15	dog_4_3_0.175	dog_4_3_0.2	dog_4_3_0.25	dog_4_3_0.3	dog_4_3_0.4	dog_4_3_0.5	dog_4_3_0.6	dog_4_3.5_0.05	dog_4_3.5_0.1	dog_4_3.5_0.125	dog_4_3.5_0.15	dog_4_3.5_0.175	dog_4_3.5_0.2	dog_4_3.5_0.25	dog_4_3.5_0.3	dog_4_3.5_0.4	dog_4_3.5_0.5	dog_4_3.5_0.6	dog_4_4_0.05	dog_4_4_0.1	dog_4_4_0.125	dog_4_4_0.15	dog_4_4_0.175	dog_4_4_0.2	dog_4_4_0.25	dog_4_4_0.3	dog_4_4_0.4	dog_4_4_0.5	dog_4_4_0.6	dog_4_5_0.05	dog_4_5_0.1	dog_4_5_0.125	dog_4_5_0.15	dog_4_5_0.175	dog_4_5_0.2	dog_4_5_0.25	dog_4_5_0.3	dog_4_5_0.4	dog_4_5_0.5	dog_4_5_0.6	dog_4_10_0.05	dog_4_10_0.1	dog_4_10_0.125	dog_4_10_0.15	dog_4_10_0.175	dog_4_10_0.2	dog_4_10_0.25	dog_4_10_0.3	dog_4_10_0.4	dog_4_10_0.5	dog_4_10_0.6	dog_6_1.2_0.05	dog_6_1.2_0.1	dog_6_1.2_0.125	dog_6_1.2_0.15	dog_6_1.2_0.175	dog_6_1.2_0.2	dog_6_1.2_0.25	dog_6_1.2_0.3	dog_6_1.2_0.4	dog_6_1.2_0.5	dog_6_1.2_0.6	dog_6_1.4_0.05	dog_6_1.4_0.1	dog_6_1.4_0.125	dog_6_1.4_0.15	dog_6_1.4_0.175	dog_6_1.4_0.2	dog_6_1.4_0.25	dog_6_1.4_0.3	dog_6_1.4_0.4	dog_6_1.4_0.5	dog_6_1.4_0.6	dog_6_1.6_0.05	dog_6_1.6_0.1	dog_6_1.6_0.125	dog_6_1.6_0.15	dog_6_1.6_0.175	dog_6_1.6_0.2	dog_6_1.6_0.25	dog_6_1.6_0.3	dog_6_1.6_0.4	dog_6_1.6_0.5	dog_6_1.6_0.6	dog_6_1.8_0.05	dog_6_1.8_0.1	dog_6_1.8_0.125	dog_6_1.8_0.15	dog_6_1.8_0.175	dog_6_1.8_0.2	dog_6_1.8_0.25	dog_6_1.8_0.3	dog_6_1.8_0.4	dog_6_1.8_0.5	dog_6_1.8_0.6	dog_6_2_0.05	dog_6_2_0.1	dog_6_2_0.125	dog_6_2_0.15	dog_6_2_0.175	dog_6_2_0.2	dog_6_2_0.25	dog_6_2_0.3	dog_6_2_0.4	dog_6_2_0.5	dog_6_2_0.6	dog_6_2.5_0.05	dog_6_2.5_0.1	dog_6_2.5_0.125	dog_6_2.5_0.15	dog_6_2.5_0.175	dog_6_2.5_0.2	dog_6_2.5_0.25	dog_6_2.5_0.3	dog_6_2.5_0.4	dog_6_2.5_0.5	dog_6_2.5_0.6	dog_6_3_0.05	dog_6_3_0.1	dog_6_3_0.125	dog_6_3_0.15	dog_6_3_0.175	dog_6_3_0.2	dog_6_3_0.25	dog_6_3_0.3	dog_6_3_0.4	dog_6_3_0.5	dog_6_3_0.6	dog_6_3.5_0.05	dog_6_3.5_0.1	dog_6_3.5_0.125	dog_6_3.5_0.15	dog_6_3.5_0.175	dog_6_3.5_0.2	dog_6_3.5_0.25	dog_6_3.5_0.3	dog_6_3.5_0.4	dog_6_3.5_0.5	dog_6_3.5_0.6	dog_6_4_0.05	dog_6_4_0.1	dog_6_4_0.125	dog_6_4_0.15	dog_6_4_0.175	dog_6_4_0.2	dog_6_4_0.25	dog_6_4_0.3	dog_6_4_0.4	dog_6_4_0.5	dog_6_4_0.6	dog_6_5_0.05	dog_6_5_0.1	dog_6_5_0.125	dog_6_5_0.15	dog_6_5_0.175	dog_6_5_0.2	dog_6_5_0.25	dog_6_5_0.3	dog_6_5_0.4	dog_6_5_0.5	dog_6_5_0.6	dog_6_10_0.05	dog_6_10_0.1	dog_6_10_0.125	dog_6_10_0.15	dog_6_10_0.175	dog_6_10_0.2	dog_6_10_0.25	dog_6_10_0.3	dog_6_10_0.4	dog_6_10_0.5	dog_6_10_0.6
2018-05-19t1711.png	10	2289.2	0.216779356975	13	2752.8	0.133986477163	9	2938.16	0.110390506416	11	3097.72	0.0894163101973	10	3308.08	0.0676141851801	16	3562.62	0.0433282737685	11	3915.294	0.0194563267559	11	3956.735	0.0173865047606	8	4030.6524	0.0147647302332	50437	237.0	48117	248.0	21767	268.0	8708	282.0	7	1172.401	17	1739.0	12	3240.0401	0	5806.0	3	2.00508018592	4	1.38282387074	4	0.738234872884	3	2.00508018592	4	1.38282387074	4	0.738234872884	9	1.62468674811	4	1.32136080723	4	0.738234872884	6	0.547132034991	7	0.473632212733	6	0.466187011718	5	0.347742344348	5	0.347742344348	4	0.320711948355	8	0.454007008631	8	0.40522829677	7	0.400084496344	6	0.306221491521	6	0.306221491521	5	0.28147745619	11	0.343756910198	10	0.299167328561	8	0.287425527565	6	0.236722873432	6	0.236722873432	5	0.218865079566	16	0.181691787243	16	0.181691787243	12	0.16739976981	9	0.154313720746	9	0.153211425648	6	0.137755639248	0	0	0	0	0	0	0	0	0	0	0	0	0	0	0	0	0	0	0	0	0	0	0	0	0	0	0	0	0	0	0	0	0	0	0	0	0	0	0	0	0	0	0	0	0	0	0	0	0	0	0	0	0	0	0	0	0	0	0	0	0	0	0	0	0	0	0	0	0	0	0	0	0	0	0	0	0	0	0	0	0	0	0	0	0	0	0	0	1	0	0	0	0	0	0	0	0	0	0	1	0	0	0	0	0	0	0	0	0	0	8	0	0	0	0	0	0	0	0	0	0	12	0	0	0	0	0	0	0	0	0	0	11	1	0	0	0	0	0	0	0	0	0	0	0	0	0	0	0	0	0	0	0	0	0	0	0	0	0	0	0	0	0	0	0	0	0	0	0	0	0	0	0	0	0	0	0	0	0	0	0	0	0	0	0	0	0	0	0	0	0	0	0	0	0	0	0	0	2	0	0	0	0	0	0	0	0	0	0	1	0	0	0	0	0	0	0	0	0	0	1	0	0	0	0	0	0	0	0	0	0	8	0	0	0	0	0	0	0	0	0	0	12	0	0	0	0	0	0	0	0	0	0	11	1	0	0	0	0	0	0	0	0	0	12	3	1	0	0	0	0	0	0	0	0	0	0	0	0	0	0	0	0	0	0	0
2018-05-20t1711.png	28	5911.0	0.141476709613	29	7577.0	0.0765196564255	24	8175.2	0.0619425173439	30	8815.3	0.0467872481004	29	9647.2	0.0308473736373	20	11011.4	0.01585728444	5	15153.205	0.00156921043938	3	16259.24	0.000536835150314	1	17180.0905	0.000123885034688	46065	229.0	28081	243.0	3181	293.0	58	483.0	25	4633.0	20	6502.0	23	10246.0802	0	18134.0	4	6.91931768122	9	5.32961216735	14	2.36004214521	4	6.91931768122	9	5.32961216735	14	2.36004214521	25	5.62146660856	13	4.39922927018	14	2.34523090421	16	2.96286683216	13	1.74144031311	11	1.08808895991	5	0.487827508209	3	0.108138761787	1	0.0304705444055	21	2.3413250693	14	1.54652625801	11	1.04052781131	5	0.468091932934	3	0.108138761787	1	0.0304705444055	30	1.73338073499	18	1.15478169163	12	0.849780719289	5	0.378412814764	3	0.108138761787	1	0.0304705444055	20	0.698374426961	20	0.698374426961	13	0.575077864312	5	0.330547893214	3	0.102368639474	1	0.0304705444055	29	0	28	0	2	0	2	0	0	0	0	0	0	0	0	0	0	0	0	0	0	0	0	0	0	0	0	0	0	0	0	0	0	0	0	0	0	0	0	0	0	0	0	0	5	0	0	0	0	0	0	0	0	0	0	34	3	1	0	0	0	0	0	0	0	0	36	5	0	0	0	0	0	0	0	0	0	53	20	8	3	2	0	0	0	0	0	0	47	24	17	12	4	3	0	0	0	0	0	61	29	18	9	4	3	0	0	0	0	0	55	33	25	20	12	6	3	0	0	0	0	55	41	31	21	18	12	4	2	0	0	0	48	41	32	25	21	17	5	3	0	0	0	54	8	3	1	0	0	0	0	0	0	0	73	30	10	6	2	0	0	0	0	0	0	12	0	0	0	0	0	0	0	0	0	0	33	5	2	0	0	0	0	0	0	0	0	44	15	4	3	1	0	0	0	0	0	0	41	20	13	8	4	2	0	0	0	0	0	47	24	17	12	4	3	0	0	0	0	0	61	29	18	9	4	3	0	0	0	0	0	55	33	25	20	12	6	3	0	0	0	0	55	41	31	21	18	12	4	2	0	0	0	48	41	32	25	21	17	5	3	0	0	0	35	34	26	23	19	15	11	4	1	0	0	73	30	10	6	2	0	0	0	0	0	0
2018-05-25t0911.png	67	8306.0	0.102398933807	51	11998.45	0.0517917962387	53	13130.24	0.0416481563749	48	14407.34	0.0314674959277	47	16105.12	0.0211757737302	29	18829.78	0.0108840515327	3	30270.436	0.00103657633644	2	36938.3215	0.000518288168222	2	41900.0052	0.000111061750333	46252	186.0	31386	199.0	4870	235.0	82	374.005	49	5053.0	67	8309.0	47	16216.0401	0	45328.0	35	10.3060956009	54	7.3019967769	37	3.63016383901	35	10.3060956009	54	7.3019967769	37	3.63016383901	50	9.67103372565	55	7.21557670727	37	3.63016383901	42	4.17888738104	25	2.30970568519	15	1.51615666176	3	0.336020838943	2	0.195524396905	2	0.146323488315	43	3.59604286165	25	2.20643372327	15	1.50018507632	3	0.336020838943	2	0.195524396905	2	0.146323488315	48	2.8232704984	25	1.92704542671	15	1.44262027745	3	0.336020838943	2	0.195524396905	2	0.146323488315	29	1.2204508626	29	1.2204508626	15	0.990870558356	3	0.323416227749	2	0.195524396905	2	0.146323488315	65	3	62	3	34	0	34	0	15	0	14	0	8	0	8	0	4	0	4	0	3	0	3	0	2	0	2	0	0	0	0	0	0	0	0	0	0	0	0	0	0	0	0	0	34	4	2	1	0	0	0	0	0	0	0	51	28	15	7	4	2	1	0	0	0	0	55	35	23	11	5	4	2	1	0	0	0	54	46	39	28	20	12	5	2	1	0	0	51	45	40	35	28	23	8	4	1	0	0	57	50	47	42	33	25	12	5	2	1	0	54	51	46	43	42	33	22	13	4	2	1	51	48	46	42	40	36	26	20	4	2	1	47	45	43	38	38	35	27	22	5	2	1	82	59	45	29	16	11	4	2	0	0	0	89	64	59	48	34	20	9	4	2	0	0	38	5	2	1	0	0	0	0	0	0	0	47	32	21	8	4	2	1	0	0	0	0	51	41	32	23	14	6	3	1	0	0	0	47	42	37	30	23	17	6	2	1	0	0	51	45	40	35	28	23	8	4	1	0	0	57	50	47	42	33	25	12	5	2	1	0	54	51	46	43	42	33	22	13	4	2	1	51	48	46	42	40	36	26	20	4	2	1	47	45	43	38	38	35	27	22	5	2	1	41	39	38	36	35	33	29	22	7	4	1	89	64	59	48	34	20	9	4	2	0	0
2018-05-23t0511.png	48	9105.0	0.0999968224715	47	13328.5	0.0500142988783	42	14822.8	0.0400050840456	37	16553.0	0.0300276444981	36	18836.4	0.0200184296654	25	22447.3	0.0100092148327	5	33579.49	0.00101680912586	4	36342.815	0.000508404562931	2	40992.463	0.000127101140733	49417	203.0	33465	216.0	2016	268.0	43	471.0	40	5627.802	51	9859.0	34	19352.401	0	44742.0	29	10.4261152462	39	7.9007924722	26	3.76460247642	29	10.4261152462	39	7.9007924722	26	3.76460247642	41	10.0169186734	39	7.86911199636	26	3.76460247642	30	4.4524748213	20	2.57278198868	16	1.86919099932	5	0.586183705312	4	0.422729188956	2	0.173292034291	34	3.94126072907	21	2.4915096523	17	1.80132765644	5	0.586183705312	4	0.422729188956	2	0.173292034291	37	3.19073123842	21	2.27228604776	17	1.68637534235	5	0.586183705312	4	0.422729188956	2	0.173292034291	25	1.32395087975	25	1.32395087975	17	1.07695620792	5	0.545149743951	4	0.397689213318	2	0.157638947246	69	3	67	3	37	0	36	0	28	0	28	0	16	0	15	0	8	0	8	0	5	0	5	0	2	0	2	0	0	0	0	0	0	0	0	0	0	0	0	0	0	0	0	0	37	9	3	1	0	0	0	0	0	0	0	51	34	25	19	11	7	3	0	0	0	0	55	34	29	21	10	9	2	1	0	0	0	54	46	40	34	31	24	13	7	1	0	0	49	43	38	37	34	28	18	16	4	2	0	56	53	46	40	34	33	25	13	4	2	0	53	51	49	41	39	37	30	23	11	3	2	47	47	45	43	39	38	34	24	16	7	3	44	44	41	40	36	36	31	26	15	9	4	84	57	42	36	29	22	6	4	0	0	0	79	67	56	48	40	37	24	8	3	0	0	37	16	7	3	1	0	0	0	0	0	0	40	33	25	17	15	11	3	1	0	0	0	48	40	36	30	23	18	10	4	0	0	0	43	37	33	31	29	24	16	12	3	1	0	49	43	38	37	34	28	18	16	4	2	0	56	53	46	40	34	33	25	13	4	2	0	53	51	49	41	39	37	30	23	11	3	2	47	47	45	43	39	38	34	24	16	7	3	44	44	41	40	36	36	31	26	15	9	4	34	33	33	32	31	30	27	22	16	11	5	79	67	56	48	40	37	24	8	3	0	0
2018-05-21t0111.png	14	4565.3	0.105136326081	20	5096.0	0.0523960341504	20	5210.0	0.0417928945194	18	5362.59	0.0314307353346	19	5566.06	0.0209308730377	10	5921.0	0.0103621591848	1	6814.953	0.00103277334068	1	6989.1945	0.000516386670339	1	7188.0483	0.000103277334068	45186	225.0	25927	241.0	634	353.0	6	1700.0	35	3884.0	8	4660.0	7	5616.0401	0	7372.0	2	11.4473740007	4	6.50661330055	3	5.63335262753	2	11.4473740007	4	6.50661330055	3	5.63335262753	38	3.64759579822	7	2.83637413213	4	1.5955061494	6	1.66976242075	3	0.797160508861	3	0.741183714161	1	0.288609262665	1	0.288609262665	1	0.287801596811	12	0.981095305336	4	0.528351549314	3	0.505854863453	1	0.229217512407	1	0.229217512407	1	0.228409846552	18	0.738351055153	4	0.456334677268	3	0.426370135284	1	0.178195095487	1	0.178195095487	1	0.177387429632	12	0.264865413053	12	0.264043731004	4	0.21389573033	1	0.0906369005773	1	0.0888128524683	1	0.0859862995252	0	0	0	0	0	0	0	0	0	0	0	0	0	0	0	0	0	0	0	0	0	0	0	0	0	0	0	0	0	0	0	0	0	0	0	0	0	0	0	0	0	0	0	0	0	0	0	0	0	0	0	0	0	0	0	0	0	0	0	0	0	0	0	0	0	0	0	0	0	0	0	0	0	0	0	0	0	0	0	0	0	0	0	0	0	0	0	0	9	0	0	0	0	0	0	0	0	0	0	1	0	0	0	0	0	0	0	0	0	0	11	1	0	0	0	0	0	0	0	0	0	22	4	2	0	0	0	0	0	0	0	0	27	10	6	2	2	0	0	0	0	0	0	0	0	0	0	0	0	0	0	0	0	0	0	0	0	0	0	0	0	0	0	0	0	0	0	0	0	0	0	0	0	0	0	0	2	0	0	0	0	0	0	0	0	0	0	2	0	0	0	0	0	0	0	0	0	0	19	2	1	0	0	0	0	0	0	0	0	9	0	0	0	0	0	0	0	0	0	0	1	0	0	0	0	0	0	0	0	0	0	11	1	0	0	0	0	0	0	0	0	0	22	4	2	0	0	0	0	0	0	0	0	27	10	6	2	2	0	0	0	0	0	0	25	18	12	10	10	5	1	0	0	0	0	0	0	0	0	0	0	0	0	0	0	0
2018-05-21t1711.png	37	8134.6	0.102561770502	35	10274.0	0.0502349552827	29	10950.64	0.0401091405184	27	11790.32	0.0300439593755	24	12899.24	0.0200090950432	18	14690.8	0.0100045475216	5	21621.144	0.00100045475216	3	23785.376	0.000515385781416	1	30062.7392	0.000121267242686	42765	219.0	21338	237.0	647	366.0	22	806.0	28	6428.0	41	8758.401	22	13341.0401	0	30773.0	12	9.13985425817	20	7.21440890422	14	3.11675687237	12	9.13985425817	20	7.21440890422	14	3.11675687237	28	7.45611026202	24	6.07720501658	14	3.10166860731	19	3.53135767357	12	1.75005815484	12	1.21815926421	4	0.256662096172	3	0.203625633255	1	0.0590652659259	24	2.67902729073	13	1.61314812191	12	1.1643963496	4	0.256662096172	3	0.203625633255	1	0.0590652659259	27	2.03192394414	15	1.2972317219	13	0.912147155369	4	0.256662096172	3	0.203625633255	1	0.0590652659259	18	0.822025481482	18	0.822025481482	13	0.660810635575	4	0.241262333805	3	0.197564174406	1	0.0570163934599	46	0	43	0	10	0	10	0	3	0	3	0	1	0	1	0	1	0	1	0	0	0	0	0	0	0	0	0	0	0	0	0	0	0	0	0	0	0	0	0	0	0	0	0	17	1	0	0	0	0	0	0	0	0	0	44	16	8	2	1	0	0	0	0	0	0	49	15	7	3	1	1	0	0	0	0	0	59	35	21	15	9	6	1	0	0	0	0	52	41	35	25	20	16	6	1	0	0	0	65	40	31	21	16	10	5	1	0	0	0	57	49	39	35	26	21	13	6	1	0	0	50	47	43	38	34	28	19	13	4	0	0	41	39	36	34	32	29	22	16	5	0	0	74	22	12	5	3	2	1	0	0	0	0	99	40	26	16	10	6	3	1	0	0	0	31	2	0	0	0	0	0	0	0	0	0	43	23	16	7	3	0	0	0	0	0	0	53	32	21	14	7	5	0	0	0	0	0	37	33	30	24	19	15	5	1	0	0	0	52	41	35	25	20	16	6	1	0	0	0	65	40	31	21	16	10	5	1	0	0	0	57	49	39	35	26	21	13	6	1	0	0	50	47	43	38	34	28	19	13	4	0	0	41	39	36	34	32	29	22	16	5	0	0	34	33	32	32	29	29	26	22	7	1	0	99	40	26	16	10	6	3	1	0	0	0
2018-05-24t0511.png	46	8127.2	0.100528601095	48	12635.95	0.050248568372	45	14092.0	0.0401799760871	46	15649.28	0.030142848153	40	17889.76	0.0200427915172	31	21022.23	0.0100056635832	8	26972.628	0.00100685922849	4	29194.309	0.000503429614247	1	35168.2155	0.000125857403562	47315	191.0	32024	204.0	2244	253.0	75	418.0	45	4827.604	50	9216.401	39	18604.4411	0	42698.0	34	10.3306386529	40	7.68101190067	31	3.68772628505	34	10.3306386529	40	7.68101190067	31	3.68772628505	45	10.0857870316	40	7.67787391985	31	3.68772628505	41	4.67867770281	26	2.95034858203	18	2.2536418384	8	1.16533087087	4	0.543668145189	1	0.0513614550974	42	4.1275441191	28	2.71809650393	18	2.09614601805	8	1.1354473477	4	0.535320208026	1	0.0513614550974	46	3.27356723939	29	2.41014631464	19	1.88172299763	8	0.891504245929	4	0.512645486169	1	0.0513614550974	31	1.31495971497	31	1.31495971497	19	1.13157312933	8	0.488107636031	4	0.286687907452	1	0.0513614550974	65	2	59	4	40	0	39	0	25	0	25	0	15	0	15	0	7	0	7	0	3	0	3	0	1	0	1	0	0	0	0	0	0	0	0	0	0	0	0	0	0	0	0	0	40	7	2	0	0	0	0	0	0	0	0	49	31	25	18	9	6	0	0	0	0	0	55	41	29	22	13	8	1	0	0	0	0	51	47	40	33	26	22	13	6	0	0	0	47	44	38	37	30	26	22	14	3	0	0	54	49	48	42	39	30	21	14	2	0	0	51	48	48	44	41	37	26	24	10	2	0	46	44	44	40	38	35	27	25	15	5	1	45	43	43	39	37	34	27	24	17	4	2	75	59	47	34	25	16	4	1	0	0	0	73	62	56	49	42	30	16	8	1	0	0	37	15	5	1	0	0	0	0	0	0	0	46	32	24	21	14	7	3	0	0	0	0	47	39	37	26	24	19	8	2	0	0	0	46	44	37	33	25	24	17	9	2	0	0	47	44	38	37	30	26	22	14	3	0	0	54	49	48	42	39	30	21	14	2	0	0	51	48	48	44	41	37	26	24	10	2	0	46	44	44	40	38	35	27	25	15	5	1	45	43	43	39	37	34	27	24	17	4	2	41	40	39	36	34	32	27	26	16	7	2	73	62	56	49	42	30	16	8	1	0	0
2018-05-22t0111.png	29	6989.5	0.103475275553	23	8810.75	0.0510751069084	24	9369.0	0.040625188219	23	10054.85	0.0304463048847	22	10824.8	0.0202674215503	18	12047.8	0.0101487682949	3	14966.975	0.00102391134132	2	15533.645	0.000511955670662	1	16099.667	0.000120460157803	46702	213.0	24694	229.0	891	318.0	5	950.0	27	5750.0	25	7503.401	21	11212.0802	0	16852.0	17	8.50687467088	16	6.3966997337	20	2.17484080526	17	8.50687467088	16	6.3966997337	20	2.17484080526	27	6.50898597234	19	4.94981728335	20	2.16945994633	20	2.78994994938	17	1.66754847833	12	1.08774634907	3	0.317217195062	2	0.282640167427	1	0.150846943818	23	2.17230872976	17	1.51744581257	12	1.02897393328	3	0.317217195062	2	0.282640167427	1	0.150846943818	23	1.71151631447	17	1.29239567506	12	0.931521433359	3	0.306178610386	2	0.271601582751	1	0.149398517525	18	0.649813201366	18	0.649813201366	12	0.560459272333	3	0.238009467673	2	0.21006078751	1	0.132684451827	24	0	24	0	1	0	2	0	0	0	0	0	0	0	0	0	0	0	0	0	0	0	0	0	0	0	0	0	0	0	0	0	0	0	0	0	0	0	0	0	0	0	0	0	10	0	0	0	0	0	0	0	0	0	0	26	9	3	0	0	0	0	0	0	0	0	27	3	0	0	0	0	0	0	0	0	0	37	22	17	6	3	0	0	0	0	0	0	37	29	24	22	17	9	3	0	0	0	0	43	24	20	16	6	3	0	0	0	0	0	39	32	27	24	21	18	5	2	0	0	0	41	33	29	28	25	23	16	7	0	0	0	37	35	32	29	29	26	20	12	3	0	0	30	5	0	0	0	0	0	0	0	0	0	42	22	12	5	0	0	0	0	0	0	0	24	0	0	0	0	0	0	0	0	0	0	31	20	10	4	2	0	0	0	0	0	0	37	24	18	8	3	0	0	0	0	0	0	38	27	26	21	17	13	5	1	0	0	0	37	29	24	22	17	9	3	0	0	0	0	43	24	20	16	6	3	0	0	0	0	0	39	32	27	24	21	18	5	2	0	0	0	41	33	29	28	25	23	16	7	0	0	0	37	35	32	29	29	26	20	12	3	0	0	32	30	28	28	25	25	22	19	7	3	0	42	22	12	5	0	0	0	0	0	0	0
2018-05-25t1311.png	60	8599.0	0.10320441106	51	12061.3	0.0518219594055	52	13130.68	0.0417532363753	51	14343.38	0.0315246923446	42	16025.38	0.021336103564	20	18690.57	0.010987693783	2	30458.056	0.00103883650312	2	36599.759	0.000519418251558	1	45085.2392	0.00011986575036	45813	188.0	31928	200.0	5055	236.0	90	368.0	52	5058.0	58	8229.0	42	15822.1604	0	48432.0	38	9.97753218507	52	7.15573738082	37	3.49629888088	38	9.97753218507	52	7.15573738082	37	3.49629888088	54	9.49263403599	52	7.06215074869	37	3.49629888088	46	4.05858022918	19	1.97103138314	14	1.46044085835	2	0.231078080015	2	0.225413182058	1	0.142914635512	47	3.39489476737	19	1.8470674032	14	1.45252117611	2	0.231078080015	2	0.225413182058	1	0.142914635512	51	2.60113007199	19	1.67272954089	14	1.38095953569	2	0.231078080015	2	0.225413182058	1	0.142914635512	20	1.13400177668	20	1.13400177668	15	0.987834395586	2	0.231078080015	2	0.225413182058	1	0.142914635512	66	2	62	2	29	0	28	0	14	0	15	0	8	0	8	0	2	0	2	0	2	0	2	0	1	0	1	0	1	0	1	0	0	0	0	0	0	0	0	0	0	0	0	0	32	2	2	1	0	0	0	0	0	0	0	49	27	14	7	2	2	1	0	0	0	0	57	36	19	10	5	2	2	1	0	0	0	56	45	36	26	18	11	3	2	1	0	0	52	44	40	32	26	23	9	3	1	0	0	58	50	48	41	31	23	11	4	2	1	0	58	52	46	44	38	32	21	11	2	2	1	50	46	42	41	38	33	27	17	4	2	1	46	44	41	38	37	33	26	20	6	2	1	78	53	41	22	15	8	2	2	1	0	0	83	58	52	42	28	19	7	2	2	1	0	35	3	2	1	0	0	0	0	0	0	0	46	30	19	8	4	2	1	0	0	0	0	50	41	29	22	12	5	2	1	0	0	0	45	39	34	28	22	15	5	3	1	0	0	52	44	40	32	26	23	9	3	1	0	0	58	50	48	41	31	23	11	4	2	1	0	58	52	46	44	38	32	21	11	2	2	1	50	46	42	41	38	33	27	17	4	2	1	46	44	41	38	37	33	26	20	6	2	1	37	35	34	32	32	28	24	20	7	4	1	83	58	52	42	28	19	7	2	2	1	0
2018-05-21t0911.png	31	7316.0	0.12449653251	39	9321.0	0.0635958935223	32	9982.2	0.0510584173708	29	10927.8	0.0383695224251	30	12265.6	0.0250143847854	25	14367.6	0.0125980436692	3	22026.66	0.00102964779988	2	26413.86	0.000514823899942	1	35248.578	0.000121135035281	52531	222.0	31697	235.0	868	313.0	24	697.0	25	6297.0	39	8524.401	21	13546.3208	0	38186.0	9	9.02057955814	18	7.09245927372	16	2.37038776287	9	9.02057955814	18	7.09245927372	16	2.37038776287	25	7.30568085516	22	6.05068173339	16	2.35449741259	19	3.8892622471	17	2.17863053058	12	1.43398666693	3	0.228278470478	2	0.127034988617	1	0.0934480365673	28	3.06558238544	18	1.92978343747	13	1.17485267976	3	0.228278470478	2	0.127034988617	1	0.0934480365673	29	2.48152570002	18	1.76587665436	13	1.12417013944	3	0.228278470478	2	0.127034988617	1	0.0934480365673	25	1.00942416676	25	1.00942416676	15	0.779840079954	3	0.224455996676	2	0.127034988617	1	0.0934480365673	40	1	40	1	10	0	10	0	3	0	3	0	1	0	1	0	1	0	1	0	1	0	1	0	1	0	1	0	0	0	0	0	0	0	0	0	0	0	0	0	0	0	0	0	18	1	1	0	0	0	0	0	0	0	0	45	15	7	2	1	1	1	0	0	0	0	48	17	6	2	1	1	1	0	0	0	0	61	29	22	15	10	4	1	1	0	0	0	50	40	33	26	18	14	5	2	1	0	0	67	41	29	24	16	12	2	2	1	0	0	59	44	41	33	27	22	12	5	1	1	0	51	46	41	39	31	28	16	12	3	1	1	44	41	37	36	32	27	23	12	5	1	1	74	28	10	6	3	1	1	1	0	0	0	99	41	31	21	10	5	2	1	1	0	0	26	3	1	1	0	0	0	0	0	0	0	39	21	12	7	3	1	1	0	0	0	0	54	27	21	13	8	3	1	1	0	0	0	40	32	26	22	15	10	5	2	0	0	0	50	40	33	26	18	14	5	2	1	0	0	67	41	29	24	16	12	2	2	1	0	0	59	44	41	33	27	22	12	5	1	1	0	51	46	41	39	31	28	16	12	3	1	1	44	41	37	36	32	27	23	12	5	1	1	37	34	33	32	29	26	23	16	8	4	0	99	41	31	21	10	5	2	1	1	0	0
2018-05-24t1311.png	50	7792.1	0.100986632718	64	11244.2	0.0503182686187	53	12432.24	0.0402928071292	53	13778.16	0.0301400381922	40	15702.68	0.0201145767027	25	18806.81	0.0100254614895	4	29289.206	0.00101845957989	2	33374.592	0.000509229789943	1	41689.5585	0.000127307447486	46842	189.0	30553	202.0	2860	246.0	64	433.0	40	4911.802	57	8478.401	39	16205.2406	0	44682.0	34	9.85873701557	45	7.23324347893	34	3.25904721588	34	9.85873701557	45	7.23324347893	34	3.25904721588	40	9.50235605832	45	7.21307502603	34	3.25904721588	48	4.38717975152	21	2.28630999293	13	1.54848465955	4	0.333184756509	2	0.233585049608	1	0.130809320364	50	3.78227287816	21	2.24504338003	13	1.53004867706	4	0.333184756509	2	0.233585049608	1	0.130809320364	53	3.01896202051	23	2.00199703027	13	1.31681417184	4	0.330828319269	2	0.233585049608	1	0.130809320364	25	1.27818250944	25	1.27818250944	13	0.977911049014	4	0.32188936155	2	0.233585049608	1	0.130809320364	66	1	62	1	32	0	31	0	15	0	15	0	11	0	11	0	5	0	5	0	3	0	2	0	1	0	1	0	0	0	0	0	0	0	0	0	0	0	0	0	0	0	0	0	32	4	1	0	0	0	0	0	0	0	0	51	27	17	9	6	2	0	0	0	0	0	62	31	21	11	9	5	1	0	0	0	0	52	45	34	28	19	14	9	2	0	0	0	47	42	37	33	26	21	13	9	1	0	0	60	53	46	40	31	22	12	9	2	0	0	52	51	48	44	37	33	23	16	6	1	0	48	45	43	39	35	34	24	19	9	2	0	45	43	41	38	35	33	26	22	10	2	0	78	54	38	27	16	11	3	2	0	0	0	77	65	53	38	31	21	11	5	1	0	0	34	9	2	0	0	0	0	0	0	0	0	44	28	20	13	10	3	0	0	0	0	0	49	39	28	22	16	10	3	1	0	0	0	42	37	31	28	22	19	12	6	0	0	0	47	42	37	33	26	21	13	9	1	0	0	60	53	46	40	31	22	12	9	2	0	0	52	51	48	44	37	33	23	16	6	1	0	48	45	43	39	35	34	24	19	9	2	0	45	43	41	38	35	33	26	22	10	2	0	39	39	37	33	31	30	23	21	12	5	0	77	65	53	38	31	21	11	5	1	0	0
2018-05-19t2111.png	26	3401.0	0.193142857143	34	4044.8	0.112623376623	31	4237.0	0.0948571428571	30	4491.56	0.0762597402597	24	4804.68	0.0564155844156	18	5445.04	0.0308571428571	7	7101.888	0.0027012987013	6	7363.204	0.00166233766234	2	7802.7	0.000623376623377	54841	233.0	52379	243.0	23405	262.0	8921	276.0	4	1271.0	12	2789.0	24	4785.2005	0	8374.0	3	2.4407724549	5	1.89683332241	11	1.21507993409	3	2.4407724549	5	1.89683332241	11	1.21507993409	4	2.43399814775	5	1.89646525412	11	1.21507993409	15	1.00970414396	11	0.668777879548	8	0.531172626576	4	0.322942765021	3	0.23497884999	2	0.166064598643	24	0.725939795587	11	0.557830112	9	0.436862103854	4	0.307949930639	3	0.223326095807	2	0.159477556878	30	0.58461126602	12	0.485622192896	9	0.3992700821	4	0.280271371492	3	0.203847998283	2	0.109509128721	18	0.26996193438	18	0.26996193438	12	0.238589620476	4	0.125699727231	3	0.0858409864354	2	0.0413304264555	0	0	0	0	0	0	0	0	0	0	0	0	0	0	0	0	0	0	0	0	0	0	0	0	0	0	0	0	0	0	0	0	0	0	0	0	0	0	0	0	0	0	0	0	0	0	0	0	0	0	0	0	0	0	0	0	0	0	0	0	0	0	0	0	0	0	4	0	0	0	0	0	0	0	0	0	0	11	0	0	0	0	0	0	0	0	0	0	12	0	0	0	0	0	0	0	0	0	0	23	0	0	0	0	0	0	0	0	0	0	28	1	0	0	0	0	0	0	0	0	0	32	4	0	0	0	0	0	0	0	0	0	28	5	0	0	0	0	0	0	0	0	0	8	0	0	0	0	0	0	0	0	0	0	22	0	0	0	0	0	0	0	0	0	0	0	0	0	0	0	0	0	0	0	0	0	0	0	0	0	0	0	0	0	0	0	0	6	0	0	0	0	0	0	0	0	0	0	10	0	0	0	0	0	0	0	0	0	0	12	0	0	0	0	0	0	0	0	0	0	23	0	0	0	0	0	0	0	0	0	0	28	1	0	0	0	0	0	0	0	0	0	32	4	0	0	0	0	0	0	0	0	0	28	5	0	0	0	0	0	0	0	0	0	25	7	4	1	0	0	0	0	0	0	0	22	0	0	0	0	0	0	0	0	0	0
2018-05-22t1311.png	45	8016.6	0.116825984851	45	12407.4	0.0559322594516	48	13664.16	0.0441901233751	40	15299.04	0.0331095160917	39	17466.08	0.0216319915324	33	20224.32	0.0106175371283	7	26348.608	0.00109152250852	4	28487.468	0.000529223034433	2	31173.84	0.000132305758608	44972	209.0	24495	225.0	1183	312.0	34	582.0	40	5526.401	43	9518.802	38	18151.0	0	32599.0	22	9.92154941156	36	6.83354944004	31	3.54200323912	22	9.92154941156	36	6.83354944004	31	3.54200323912	40	9.10916053581	38	6.74974647198	31	3.54200323912	34	4.0747791097	27	2.98924572442	18	1.84443013838	6	0.61966610605	4	0.335235401161	1	0.137817252019	37	3.67000032925	27	2.81561065023	18	1.79467142381	6	0.617879867938	4	0.335235401161	1	0.137817252019	40	2.91496277353	28	2.36276346767	18	1.63268075789	6	0.592200300715	4	0.328826934462	1	0.133677215718	33	1.11701373928	33	1.11701373928	22	0.885005495589	7	0.405800177435	4	0.26461119925	1	0.117477244167	62	0	62	0	37	0	37	0	27	0	26	0	10	0	10	0	5	0	5	0	0	0	0	0	0	0	0	0	0	0	0	0	0	0	0	0	0	0	0	0	0	0	0	0	40	4	1	0	0	0	0	0	0	0	0	46	34	23	18	7	2	0	0	0	0	0	56	41	31	20	9	4	0	0	0	0	0	56	45	42	38	30	24	10	2	0	0	0	49	42	39	36	34	28	20	9	2	0	0	63	49	47	44	39	33	23	11	1	0	0	54	47	43	41	39	38	30	23	6	2	0	48	46	42	39	38	36	34	23	11	4	1	48	47	43	41	38	36	36	26	14	6	1	78	54	46	39	27	12	3	0	0	0	0	81	59	53	47	41	34	16	5	0	0	0	38	13	5	1	0	0	0	0	0	0	0	44	34	25	20	13	6	1	0	0	0	0	48	38	36	29	22	18	6	2	0	0	0	49	40	37	35	31	24	16	7	1	0	0	49	42	39	36	34	28	20	9	2	0	0	63	49	47	44	39	33	23	11	1	0	0	54	47	43	41	39	38	30	23	6	2	0	48	46	42	39	38	36	34	23	11	4	1	48	47	43	41	38	36	36	26	14	6	1	39	38	38	36	35	32	29	25	15	6	3	81	59	53	47	41	34	16	5	0	0	0
2018-05-21t2111.png	26	6280.2	0.105349053153	27	7546.1	0.0529840456963	18	7975.96	0.0425729480289	21	8536.72	0.0319930217508	14	9247.68	0.0215537859816	11	10493.48	0.0108050310926	2	14183.632	0.00109738597034	3	14944.474	0.000506485832466	1	15467.234	0.000112552407215	43223	217.0	18656	236.0	389	411.0	3	1326.0	31	5497.0	29	6831.0	12	9757.0802	0	15794.0	13	9.01619353211	14	7.454535593	12	2.45092924912	13	9.01619353211	14	7.454535593	12	2.45092924912	33	5.72969248423	21	4.77916486972	12	1.75984933742	17	2.6147607567	11	1.42842700987	8	1.07353206337	2	0.309665605276	2	0.309665605276	1	0.152442292513	17	2.15654842708	11	1.34690620139	8	1.02695068875	2	0.291480440261	2	0.291480440261	1	0.152442292513	21	1.63227884653	11	1.16900428495	8	0.925718397933	2	0.286946252057	2	0.286946252057	1	0.151257807411	11	0.646813482068	11	0.646813482068	8	0.587709906624	2	0.199710980022	2	0.199710980022	1	0.138661795533	10	0	14	0	1	0	1	0	0	0	0	0	0	0	0	0	0	0	0	0	0	0	0	0	0	0	0	0	0	0	0	0	0	0	0	0	0	0	0	0	0	0	0	0	3	0	0	0	0	0	0	0	0	0	0	19	4	1	0	0	0	0	0	0	0	0	13	2	0	0	0	0	0	0	0	0	0	30	9	8	4	2	1	0	0	0	0	0	44	24	17	11	8	5	2	0	0	0	0	36	12	9	5	3	2	0	0	0	0	0	45	27	19	13	9	8	4	1	0	0	0	37	35	26	23	15	13	9	5	0	0	0	34	32	29	24	23	17	11	8	1	0	0	16	3	0	0	0	0	0	0	0	0	0	37	11	6	3	0	0	0	0	0	0	0	11	0	0	0	0	0	0	0	0	0	0	31	11	7	3	1	0	0	0	0	0	0	34	11	8	4	2	1	0	0	0	0	0	33	23	20	15	10	8	4	0	0	0	0	44	24	17	11	8	5	2	0	0	0	0	36	12	9	5	3	2	0	0	0	0	0	45	27	19	13	9	8	4	1	0	0	0	37	35	26	23	15	13	9	5	0	0	0	34	32	29	24	23	17	11	8	1	0	0	31	31	31	29	25	21	16	12	7	0	0	37	11	6	3	0	0	0	0	0	0	0
2018-05-22t2111.png	57	9331.9	0.114480022669	55	14750.45	0.0544063474072	57	16365.56	0.0433550580901	50	18236.77	0.0321266647776	38	21006.5	0.0209336922641	27	25413.46	0.0103428733352	7	34525.976	0.0010272031737	3	38094.0495	0.000531311986398	1	43543.6883	0.00010626239728	41452	207.0	27761	221.0	1528	287.0	54	495.0	38	5477.401	60	10427.401	36	21535.5213	0	46645.0	29	10.795091879	49	8.06596727999	28	3.83108031862	29	10.795091879	49	8.06596727999	28	3.83108031862	40	10.4830175352	49	8.04790247235	28	3.83108031862	38	4.89577999837	20	2.604419311	16	1.93484624204	6	0.788107709421	3	0.240463121743	1	0.0792529991506	43	4.16361722409	21	2.50723061521	16	1.92860505877	6	0.788107709421	3	0.240463121743	1	0.0792529991506	50	3.33589988233	23	2.2841530116	16	1.83434436147	6	0.782825045063	3	0.240463121743	1	0.0792529991506	27	1.33548211468	27	1.33548211468	19	1.09955643223	7	0.594894157002	3	0.226396768596	1	0.0792529991506	86	2	85	5	50	0	48	0	36	0	34	0	25	0	25	0	18	0	15	0	8	0	8	0	2	0	2	0	0	0	0	0	0	0	0	0	0	0	0	0	0	0	0	0	44	10	6	2	0	0	0	0	0	0	0	46	35	27	20	13	9	3	0	0	0	0	63	47	34	30	21	12	5	1	0	0	0	59	48	46	39	30	27	14	9	2	0	0	50	43	41	39	34	30	23	14	6	1	0	63	55	53	50	42	39	29	19	7	2	0	53	50	46	45	43	39	33	26	14	7	2	47	46	43	42	41	39	31	26	15	9	3	43	43	41	40	39	37	30	25	19	11	4	93	72	59	50	39	33	13	2	1	0	0	92	78	70	60	51	41	32	14	3	1	0	39	15	9	4	1	1	0	0	0	0	0	44	34	27	22	15	11	4	2	0	0	0	47	40	35	30	25	20	10	6	1	0	0	47	40	38	34	29	26	18	12	3	1	0	50	43	41	39	34	30	23	14	6	1	0	63	55	53	50	42	39	29	19	7	2	0	53	50	46	45	43	39	33	26	14	7	2	47	46	43	42	41	39	31	26	15	9	3	43	43	41	40	39	37	30	25	19	11	4	36	36	36	36	35	31	28	24	18	13	6	92	78	70	60	51	41	32	14	3	1	0
2018-05-23t1711.png	24	5247.0	0.162751484959	25	6261.0	0.0826211917992	22	6542.24	0.0666794405058	19	6886.18	0.0516190841157	14	7278.12	0.0372101935237	11	7981.42	0.0218815865108	2	10766.812	0.00237593408699	2	11343.825	0.00134125311362	2	12013.2172	0.000459858210385	49476	200.0	33146	213.0	715	284.0	6	978.0	30	4816.0	24	5913.0	12	8020.1203	0	12347.0	16	8.72348850272	14	6.27806588867	9	2.7276210183	16	8.72348850272	14	6.27806588867	9	2.7276210183	31	5.53724685763	19	4.38236380723	9	2.34947369162	15	3.19987867463	9	2.03628198026	5	1.35917252449	2	0.525509675323	2	0.525509675323	2	0.525509675323	15	2.35434190021	9	1.59024698174	5	1.12980983295	2	0.314726910755	2	0.314726910755	2	0.314726910755	19	1.74953859254	9	1.36563158925	5	1.00327447363	2	0.223048686244	2	0.223048686244	2	0.223048686244	11	0.838938567714	11	0.838938567714	6	0.745359696306	2	0.216984496709	2	0.216984496709	2	0.216984496709	3	0	8	0	0	0	0	0	0	0	0	0	0	0	0	0	0	0	0	0	0	0	0	0	0	0	0	0	0	0	0	0	0	0	0	0	0	0	0	0	0	0	0	0	0	0	0	0	0	0	0	0	0	0	0	9	0	0	0	0	0	0	0	0	0	0	3	0	0	0	0	0	0	0	0	0	0	22	3	1	0	0	0	0	0	0	0	0	33	17	8	3	2	1	0	0	0	0	0	25	3	2	0	0	0	0	0	0	0	0	35	19	9	7	2	2	0	0	0	0	0	34	26	22	16	9	8	2	1	0	0	0	33	27	25	21	16	11	7	2	0	0	0	3	0	0	0	0	0	0	0	0	0	0	19	2	0	0	0	0	0	0	0	0	0	6	0	0	0	0	0	0	0	0	0	0	25	6	2	0	0	0	0	0	0	0	0	24	6	2	1	0	0	0	0	0	0	0	32	23	16	9	6	2	2	0	0	0	0	33	17	8	3	2	1	0	0	0	0	0	25	3	2	0	0	0	0	0	0	0	0	35	19	9	7	2	2	0	0	0	0	0	34	26	22	16	9	8	2	1	0	0	0	33	27	25	21	16	11	7	2	0	0	0	28	26	25	25	21	20	13	6	2	0	0	19	2	0	0	0	0	0	0	0	0	0
2018-05-24t2111.png	52	8265.5	0.104689015099	52	12054.25	0.0512536362377	50	13145.0	0.0406566006372	49	14522.75	0.0304058733897	42	16418.5	0.0201551461421	24	19025.0	0.0100083114005	4	27392.25	0.00100429422358	3	29401.625	0.000519462529436	1	32178.4125	0.000103892505887	45752	189.0	30136	202.0	4132	241.0	63	392.0	37	5014.604	51	8729.0	39	16626.2005	0	33633.0	30	10.0170331147	45	7.26462521404	35	3.2465485136	30	10.0170331147	45	7.26462521404	35	3.2465485136	37	9.72978256564	46	7.20350285293	35	3.2465485136	42	4.21568029522	22	2.41373367276	11	1.70668130387	4	0.586882650381	3	0.381034443943	1	0.224956708123	44	3.60205988944	22	2.31256269503	11	1.64870577037	4	0.586882650381	3	0.381034443943	1	0.224956708123	49	2.8456618072	23	1.99171799298	11	1.37830055776	4	0.584400311789	3	0.381034443943	1	0.224956708123	24	1.15024162329	24	1.15024162329	12	0.889768552625	4	0.50809470788	3	0.340921713017	1	0.200202837448	69	0	64	1	31	0	31	0	16	0	14	0	7	0	7	0	3	0	3	0	2	0	2	0	0	0	0	0	0	0	0	0	0	0	0	0	0	0	0	0	0	0	0	0	33	2	1	0	0	0	0	0	0	0	0	47	25	15	8	5	2	0	0	0	0	0	58	31	18	11	6	2	1	0	0	0	0	51	41	35	25	16	12	6	2	0	0	0	43	39	34	30	23	18	11	7	1	0	0	57	52	46	40	30	23	13	7	2	0	0	51	47	46	41	35	32	18	14	5	1	0	42	41	39	35	33	30	21	16	9	2	1	39	39	38	35	34	29	21	20	10	5	1	73	52	38	24	14	9	3	1	0	0	0	74	59	53	44	27	20	9	4	0	0	0	31	8	2	1	0	0	0	0	0	0	0	43	26	20	12	8	5	1	0	0	0	0	48	36	30	18	14	10	3	1	0	0	0	42	36	32	26	19	16	10	7	1	0	0	43	39	34	30	23	18	11	7	1	0	0	57	52	46	40	30	23	13	7	2	0	0	51	47	46	41	35	32	18	14	5	1	0	42	41	39	35	33	30	21	16	9	2	1	39	39	38	35	34	29	21	20	10	5	1	34	34	33	30	28	27	21	19	13	6	1	74	59	53	44	27	20	9	4	0	0	0
2018-05-22t0511.png	25	6653.0	0.113093866263	32	8715.0	0.0558719915715	35	9275.72	0.0448424587627	30	10133.68	0.0337141540184	30	11804.8	0.0221249135746	23	14397.24	0.0109636848517	5	21138.632	0.00121818720574	4	23322.492	0.000592631613604	1	27177.8884	0.000131695914134	39053	215.0	21058	233.0	758	343.0	17	862.0	31	5281.203	29	7336.2005	30	12606.0401	0	27306.0	18	8.39249255767	20	5.59546211905	21	2.20709253279	18	8.39249255767	20	5.59546211905	21	2.20709253279	32	6.74348835278	23	5.11454182285	21	2.1981787928	22	2.9979376255	18	1.603577512	14	0.865886181924	4	0.310293366823	3	0.229931108066	1	0.141919805579	27	2.44344480135	20	1.41738835068	14	0.861387805605	4	0.310293366823	3	0.229931108066	1	0.141919805579	30	2.0734860188	20	1.38245190482	14	0.857184080194	4	0.310293366823	3	0.229931108066	1	0.141919805579	23	0.866070100411	23	0.866070100411	15	0.677175108023	5	0.278055125422	4	0.194015376923	1	0.0483221623924	36	0	37	0	15	0	14	0	6	0	6	0	1	0	1	0	0	0	0	0	0	0	0	0	0	0	0	0	0	0	0	0	0	0	0	0	0	0	0	0	0	0	0	0	15	0	0	0	0	0	0	0	0	0	0	36	10	10	2	0	0	0	0	0	0	0	35	16	10	5	0	0	0	0	0	0	0	47	24	19	11	10	7	0	0	0	0	0	45	30	26	20	14	12	6	1	0	0	0	59	31	27	20	15	11	7	0	0	0	0	52	37	34	26	23	17	10	7	0	0	0	46	41	34	28	27	23	14	11	1	0	0	40	38	34	30	25	24	19	14	3	0	0	40	23	17	10	4	3	0	0	0	0	0	60	33	24	18	14	10	3	0	0	0	0	21	1	0	0	0	0	0	0	0	0	0	36	17	13	7	1	0	0	0	0	0	0	43	24	15	11	9	4	0	0	0	0	0	40	30	24	20	16	15	4	0	0	0	0	45	30	26	20	14	12	6	1	0	0	0	59	31	27	20	15	11	7	0	0	0	0	52	37	34	26	23	17	10	7	0	0	0	46	41	34	28	27	23	14	11	1	0	0	40	38	34	30	25	24	19	14	3	0	0	38	37	32	30	27	24	21	17	5	0	0	60	33	24	18	14	10	3	0	0	0	0
2018-05-19t1311.png	1798	308.0	15.7806072478	265	328.0	13.5621939275	132	335.8	13.2605288932	53	348.4	12.9079333986	37	362.0	12.5935357493	26	386.2	12.1292850147	15	412.94	11.6346718903	12	415.45	11.5896180215	12	417.49	11.5631733595	51283	244.0	49947	254.0	22809	274.0	9302	288.0	32	792.0	37	967.0	4	1352.0	0	5958.0	3	1.16582818135	3	1.11279358263	3	0.19852304305	3	1.16579175098	3	1.11275715225	3	0.19852304305	63	0.81932479874	8	0.626385930271	3	0.196594527834	55	1.45594752185	17	1.420699123	13	1.40527329609	14	1.38882913972	9	1.38747806034	9	1.38605957042	62	1.44861339828	18	1.41649657768	12	1.40165392368	13	1.38749383728	8	1.3861427579	8	1.38476959081	60	1.43940282337	23	1.41082548652	15	1.39812161126	13	1.38630956313	9	1.38494830046	9	1.38362432872	31	1.39760699631	31	1.39760699631	21	1.3867597795	16	1.37855663364	12	1.37695986435	12	1.37589965428	0	0	0	0	0	0	0	0	0	0	0	0	0	0	0	0	0	0	0	0	0	0	0	0	0	0	0	0	0	0	0	0	0	0	0	0	0	0	0	0	0	0	0	0	0	0	0	0	0	0	0	0	0	0	0	0	0	0	0	0	0	0	0	0	0	0	0	0	0	0	0	0	0	0	0	0	0	0	0	0	0	0	0	0	0	0	0	0	0	0	0	0	0	0	0	0	0	0	0	0	0	0	0	0	0	0	0	0	0	0	0	0	0	0	0	0	0	0	0	0	0	0	0	0	0	0	0	0	0	0	0	0	1	0	0	0	0	0	0	0	0	0	0	0	0	0	0	0	0	0	0	0	0	0	0	0	0	0	0	0	0	0	0	0	0	0	0	0	0	0	0	0	0	0	0	0	0	0	0	0	0	0	0	0	0	0	0	0	0	0	0	0	0	0	0	0	0	0	0	0	0	0	0	0	0	0	0	0	0	0	0	0	0	0	0	0	0	0	0	0	0	0	0	0	0	0	0	0	0	0	0	0	0	0	0	0	0	0	0	0	0	0	0	0	0	0	0	0	0	0	0	0	0	1	0	0	0	0	0	0	0	0	0	0	1	0	0	0	0	0	0	0	0	0	0	0	0	0	0	0	0	0	0	0	0	0
2018-05-22t0911.png	39	9280.9	0.103121282105	39	13474.2	0.0511232416544	42	14865.92	0.0409055917139	39	16420.38	0.0307929176289	35	18286.04	0.0205052837847	24	21796.22	0.010112674085	8	30885.306	0.00101476660368	5	32200.588	0.000524879277766	1	35144.5419	0.000104975855553	51411	211.0	32003	225.0	684	321.0	42	610.005	29	5564.401	39	9594.802	35	18549.2005	0	37157.0	20	9.74106506679	27	7.44887679592	27	3.46805168356	20	9.74106506679	27	7.44887679592	27	3.46805168356	30	9.17392186097	30	6.96438787789	27	3.46805168356	32	4.03601413192	22	2.41177969202	14	1.29590765852	7	0.54043466054	5	0.418516449026	1	0.108668482245	35	3.46431304164	23	2.1826937633	14	1.28201961015	7	0.54043466054	5	0.418516449026	1	0.108668482245	39	2.7319864469	23	1.80244549559	15	1.18248473849	7	0.538146944927	5	0.416228733413	1	0.108668482245	24	1.11245601625	24	1.11245601625	15	0.898330110925	7	0.473278447996	5	0.379049189177	1	0.108668482245	61	1	55	1	37	0	36	0	25	0	25	0	16	0	15	0	11	0	11	0	5	0	4	0	0	0	0	0	0	0	0	0	0	0	0	0	0	0	0	0	0	0	0	0	35	10	1	0	0	0	0	0	0	0	0	39	32	24	15	12	5	0	0	0	0	0	51	38	31	19	11	10	1	0	0	0	0	49	41	35	33	28	23	13	4	0	0	0	41	37	35	33	30	28	18	14	4	0	0	60	48	43	38	36	31	22	14	3	0	0	45	40	39	37	35	34	28	20	11	3	0	41	38	37	36	35	33	29	23	14	4	2	39	37	37	35	34	33	31	27	14	9	3	70	49	39	31	25	16	9	2	0	0	0	72	53	47	43	37	30	17	12	1	0	0	33	15	5	2	0	0	0	0	0	0	0	38	32	25	17	14	10	2	0	0	0	0	42	37	34	28	19	15	8	4	0	0	0	41	37	33	32	28	22	15	10	2	0	0	41	37	35	33	30	28	18	14	4	0	0	60	48	43	38	36	31	22	14	3	0	0	45	40	39	37	35	34	28	20	11	3	0	41	38	37	36	35	33	29	23	14	4	2	39	37	37	35	34	33	31	27	14	9	3	33	33	32	31	30	28	27	26	13	10	4	72	53	47	43	37	30	17	12	1	0	0
2018-05-20t0111.png	22	2660.3	0.175749616984	19	3320.0	0.086014445174	17	3510.52	0.0704749398118	17	3750.56	0.0525279054498	11	4143.52	0.0326110746334	7	4874.63	0.0138980083169	2	6228.082	0.00131319763624	2	6440.1845	0.000547165681768	1	6710.8943	0.000109433136354	54957	230.0	51195	240.0	20027	261.0	5975	278.0	16	1601.0	31	2136.0	20	3631.0401	0	6858.0	6	2.37093944859	9	1.71035296328	7	0.727888575529	6	2.37093944859	9	1.71035296328	7	0.727888575529	20	1.9938674541	13	1.52122594918	8	0.709098645878	8	0.596556098154	4	0.332357638512	3	0.318659988469	2	0.168525644686	1	0.0323508227705	1	0.0323508227705	13	0.423393539046	5	0.243537406445	4	0.194881267949	2	0.121053750408	1	0.0323508227705	1	0.0323508227705	17	0.32091249878	5	0.203750720719	4	0.182978257786	2	0.111180136352	1	0.0323508227705	1	0.0323508227705	7	0.103238655936	7	0.103238655936	5	0.0888975999381	2	0.0496645734359	1	0.0244794892247	1	0.0244794892247	0	0	0	0	0	0	0	0	0	0	0	0	0	0	0	0	0	0	0	0	0	0	0	0	0	0	0	0	0	0	0	0	0	0	0	0	0	0	0	0	0	0	0	0	0	0	0	0	0	0	0	0	0	0	0	0	0	0	0	0	0	0	0	0	0	0	0	0	0	0	0	0	0	0	0	0	0	4	0	0	0	0	0	0	0	0	0	0	7	0	0	0	0	0	0	0	0	0	0	7	0	0	0	0	0	0	0	0	0	0	17	0	0	0	0	0	0	0	0	0	0	21	2	0	0	0	0	0	0	0	0	0	22	3	0	0	0	0	0	0	0	0	0	1	0	0	0	0	0	0	0	0	0	0	8	0	0	0	0	0	0	0	0	0	0	0	0	0	0	0	0	0	0	0	0	0	0	0	0	0	0	0	0	0	0	0	0	2	0	0	0	0	0	0	0	0	0	0	7	0	0	0	0	0	0	0	0	0	0	7	0	0	0	0	0	0	0	0	0	0	7	0	0	0	0	0	0	0	0	0	0	17	0	0	0	0	0	0	0	0	0	0	21	2	0	0	0	0	0	0	0	0	0	22	3	0	0	0	0	0	0	0	0	0	21	5	2	0	0	0	0	0	0	0	0	8	0	0	0	0	0	0	0	0	0	0
2018-05-23t0111.png	53	9124.4	0.106043116089	53	13830.2	0.0509780675756	56	15278.92	0.0405890244283	55	16835.76	0.0303871712476	40	19119.0	0.0200605247559	29	23002.92	0.0100458615418	5	33451.7	0.0010295448164	4	36322.794	0.000530371572084	2	42903.6948	0.000124793311079	57869	206.0	42787	217.0	3601	256.0	32	444.0	42	5964.0	50	10391.0	43	19966.8822	0	48205.0	35	10.5399347675	39	8.04536774964	31	3.75652984538	35	10.5399347675	39	8.04536774964	31	3.75652984538	43	10.2524577991	42	7.82476233303	31	3.75652984538	39	4.9941317642	26	2.43752069541	19	1.67564657655	5	0.427509483838	4	0.32391503345	2	0.164162990222	46	4.21373032325	26	2.34298636621	19	1.6702241954	5	0.427509483838	4	0.32391503345	2	0.164162990222	55	3.28629578777	26	2.09923975191	19	1.58939228524	5	0.427509483838	4	0.32391503345	2	0.164162990222	29	1.36095165394	29	1.36095165394	20	1.16369953212	5	0.393942369754	4	0.306888588573	2	0.157350975878	84	4	74	4	46	1	44	0	31	0	31	0	23	0	23	0	9	0	9	0	8	0	8	0	2	0	2	0	1	0	0	0	0	0	0	0	0	0	0	0	0	0	0	0	45	10	4	2	0	0	0	0	0	0	0	51	37	32	19	11	5	2	0	0	0	0	65	46	38	25	12	8	3	1	0	0	0	56	51	45	39	35	28	13	6	2	0	0	49	49	46	41	35	32	26	14	4	2	0	61	58	55	48	42	38	27	13	4	2	0	51	51	50	48	45	39	33	27	11	4	2	51	51	50	50	46	44	35	28	16	7	3	43	43	43	43	40	39	31	25	17	8	4	95	72	60	42	36	24	9	3	0	0	0	96	83	72	63	49	45	25	10	3	1	0	43	16	6	3	1	0	0	0	0	0	0	44	33	27	22	16	10	3	2	0	0	0	50	46	38	32	27	21	10	4	0	0	0	40	39	36	32	28	23	18	12	3	2	0	49	49	46	41	35	32	26	14	4	2	0	61	58	55	48	42	38	27	13	4	2	0	51	51	50	48	45	39	33	27	11	4	2	51	51	50	50	46	44	35	28	16	7	3	43	43	43	43	40	39	31	25	17	8	4	37	37	36	36	35	32	29	27	16	8	6	96	83	72	63	49	45	25	10	3	1	0
2018-05-22t1711.png	42	8259.6	0.13322163509	42	12761.2	0.0565794561155	43	14334.76	0.0435623147313	36	15995.88	0.0319628818147	28	18816.44	0.0209649009752	23	22455.92	0.0103965287623	6	29226.164	0.0010310607037	4	31697.326	0.000515530351849	1	35007.6548	0.000128882587962	46725	207.0	26344	221.0	1103	296.0	34	585.0	34	5505.401	40	8857.0025	29	17978.2807	0	36154.0	26	9.5375120811	31	7.06828850871	25	3.05246575699	26	9.5375120811	31	7.06828850871	25	3.05246575699	34	8.91958271968	33	6.81372929253	25	2.85616145363	31	3.34661377978	18	2.1290887587	13	1.6557559495	5	0.52606159324	3	0.27289307061	1	0.105096305368	31	3.02900215504	18	2.06921411848	13	1.58076965577	5	0.524118928112	3	0.27289307061	1	0.105096305368	36	2.39520349613	19	1.84920099426	13	1.35017196114	5	0.390618455238	3	0.270548680106	1	0.102751914864	23	0.952341687981	23	0.952341687981	15	0.804884655644	5	0.312110231623	3	0.229857304536	1	0.0966573240756	61	0	59	0	33	0	32	0	26	0	25	0	17	0	15	0	8	0	8	0	3	0	3	0	0	0	0	0	0	0	0	0	0	0	0	0	0	0	0	0	0	0	0	0	35	7	1	0	0	0	0	0	0	0	0	46	29	22	13	9	4	0	0	0	0	0	52	36	24	20	12	7	0	0	0	0	0	48	40	35	29	23	20	10	4	0	0	0	40	39	36	32	27	25	16	10	2	0	0	52	47	42	38	35	26	20	14	1	0	0	45	44	43	39	37	33	26	18	10	1	0	38	38	37	37	35	32	26	19	11	5	0	38	37	37	37	33	33	29	22	11	7	2	70	47	38	30	25	19	5	0	0	0	0	70	56	49	46	33	28	21	8	0	0	0	33	11	4	0	0	0	0	0	0	0	0	39	30	24	16	11	8	2	0	0	0	0	41	35	29	26	19	13	7	1	0	0	0	39	37	34	31	26	22	12	8	1	0	0	40	39	36	32	27	25	16	10	2	0	0	52	47	42	38	35	26	20	14	1	0	0	45	44	43	39	37	33	26	18	10	1	0	38	38	37	37	35	32	26	19	11	5	0	38	37	37	37	33	33	29	22	11	7	2	37	37	36	35	34	32	28	24	11	7	5	70	56	49	46	33	28	21	8	0	0	0
2018-05-25t0511.png	41393	193.0	9.85681024447	26928	205.0	6.0645022205	22771	209.0	5.20881300392	19895	212.0	4.67166817574	15790	217.0	3.95722847411	10392	225.0	3.15289095848	3133	245.0	2.16905963006	2218	251.0	2.02328288708	1749	256.6808	1.92562411072	45215	189.0	31728	201.0	4445	239.0	79	387.0	49	5061.0	66	8311.401	43	15760.0401	0	51012.0	39	9.88069312967	53	7.15921227009	38	3.44237655066	39	9.88069312967	53	7.15921227009	38	3.44237655066	50	9.41654511142	53	7.1212456683	38	3.44237655066	16530	19.5704843009	7614	18.2047123731	4547	17.6445497715	1846	17.0640143222	1154	16.851733024	773	16.7211843739	19362	18.9259228007	9143	17.751622821	5513	17.2860944408	2261	16.8221628368	1414	16.6566184248	983	16.5530839305	20766	18.6588456816	9928	17.5585348521	5988	17.1319739673	2467	16.7045741934	1589	16.5605884458	1123	16.4674815451	11707	17.3545133319	11007	17.2968845325	6728	16.9146134969	2915	16.5372354858	1903	16.4176489041	1373	16.3371835996	73	1	68	2	34	0	32	0	15	0	15	0	6	0	6	0	2	0	2	0	2	0	2	0	1	0	1	0	1	0	1	0	0	0	0	0	0	0	0	0	0	0	0	0	31	2	2	1	0	0	0	0	0	0	0	50	26	14	4	2	2	1	1	0	0	0	61	32	21	9	3	2	2	1	0	0	0	54	45	33	26	19	11	3	2	1	0	0	52	47	41	33	27	19	5	2	1	1	0	62	53	49	37	30	21	10	3	2	1	0	54	49	45	43	35	31	21	9	2	2	1	50	47	43	42	37	33	24	17	3	2	1	48	45	44	40	36	33	26	22	4	2	1	86	58	40	27	15	7	2	2	1	0	0	87	64	55	41	28	18	6	3	2	1	0	34	3	2	1	1	0	0	0	0	0	0	47	29	17	5	2	2	1	1	0	0	0	54	39	31	20	11	4	2	1	1	0	0	47	41	35	29	21	17	5	2	1	0	0	52	47	41	33	27	19	5	2	1	1	0	62	53	49	37	30	21	10	3	2	1	0	54	49	45	43	35	31	21	9	2	2	1	50	47	43	42	37	33	24	17	3	2	1	48	45	44	40	36	33	26	22	4	2	1	41	39	38	36	33	31	28	21	10	2	1	87	64	55	41	28	18	6	3	2	1	0
2018-05-23t1311.png	56	8932.0	0.0999716883199	58	13415.6	0.0500173015823	55	14748.92	0.0400138412658	51	16570.44	0.0300103809494	47	18721.92	0.0200069206329	33	21946.2	0.0100034603165	5	33154.612	0.00100663751612	3	37178.322	0.000503318758061	1	45623.1148	0.000125829689515	48705	201.0	31992	214.0	1547	271.0	72	463.0	49	5450.0	58	9794.401	44	19363.9223	0	48271.0	40	10.3499203919	45	7.67563912024	38	3.76449432317	40	10.3499203919	45	7.67563912024	38	3.76449432317	50	10.1334931065	45	7.59977158319	38	3.76449432317	46	4.67272250117	27	2.68570042964	17	1.7477523428	5	0.431268550109	3	0.270695510619	1	0.0960879903605	47	4.08689321716	28	2.55125315496	17	1.71364789892	5	0.431268550109	3	0.270695510619	1	0.0960879903605	51	3.26069997559	28	2.23112240857	17	1.49976672353	5	0.431268550109	3	0.270695510619	1	0.0960879903605	33	1.35282844506	33	1.35282844506	18	1.05321595748	5	0.418588322364	3	0.270695510619	1	0.0960879903605	78	4	74	4	51	1	49	1	33	0	31	0	19	0	17	0	11	0	12	0	7	0	6	0	3	0	3	0	1	0	1	0	0	0	0	0	0	0	0	0	0	0	0	0	42	9	4	2	0	0	0	0	0	0	0	54	36	24	19	12	7	3	0	0	0	0	63	48	36	22	12	8	4	2	0	0	0	60	50	45	38	30	24	13	7	2	0	0	50	46	45	38	34	30	22	15	5	0	0	63	56	51	48	42	37	25	12	5	2	0	57	55	52	48	44	42	31	24	12	4	2	50	50	47	45	44	39	31	23	15	8	2	46	45	43	41	41	39	33	25	16	9	3	91	68	56	47	32	20	9	4	1	0	0	88	74	62	57	48	40	23	11	3	1	0	40	16	8	4	0	0	0	0	0	0	0	49	35	24	22	16	10	4	1	0	0	0	55	49	39	32	24	19	10	5	0	0	0	48	44	41	35	30	24	18	10	4	0	0	50	46	45	38	34	30	22	15	5	0	0	63	56	51	48	42	37	25	12	5	2	0	57	55	52	48	44	42	31	24	12	4	2	50	50	47	45	44	39	31	23	15	8	2	46	45	43	41	41	39	33	25	16	9	3	41	39	39	39	35	35	28	25	16	8	4	88	74	62	57	48	40	23	11	3	1	0
2018-05-25t0111.png	58	8697.0	0.100021926619	51	12416.4	0.0500292354919	48	13626.48	0.0400160795205	42	15050.42	0.0300029235492	33	16814.74	0.0200263119427	24	20141.51	0.0100131559713	5	31226.147	0.00102324221605	4	33232.5665	0.000511621108025	1	37287.7989	0.000109633094577	45640	189.0	30418	202.0	3966	242.0	71	404.0	41	4896.802	56	8633.802	33	16776.2005	0	39875.0	35	10.0702583996	46	7.30363566689	30	3.42285329049	35	10.0702583996	46	7.30363566689	30	3.42285329049	41	9.75723114329	46	7.29533623744	30	3.42285329049	38	4.216173187	20	2.27375367034	13	1.70879798045	5	0.333801494995	4	0.251286980736	1	0.083131000404	40	3.55055845648	20	2.14920531147	13	1.6000905744	5	0.333801494995	4	0.251286980736	1	0.083131000404	43	2.79936406565	21	1.86901855671	14	1.30190630017	5	0.333801494995	4	0.251286980736	1	0.083131000404	24	1.16739883548	24	1.16739883548	15	0.966862928665	5	0.314108856864	4	0.248021227879	1	0.083131000404	61	1	58	1	29	0	29	0	21	0	21	0	9	0	8	0	7	0	7	0	3	0	3	0	1	0	1	0	0	0	0	0	0	0	0	0	0	0	0	0	0	0	0	0	37	7	1	0	0	0	0	0	0	0	0	52	27	18	14	7	5	0	0	0	0	0	57	37	21	18	8	7	1	0	0	0	0	55	44	37	27	22	17	8	4	0	0	0	53	44	40	36	26	22	16	8	0	0	0	58	52	45	39	36	26	17	8	1	0	0	56	51	47	43	40	35	24	17	8	1	0	53	48	44	42	38	36	25	19	10	3	0	48	46	44	40	38	36	25	22	14	5	0	78	55	41	30	18	12	6	3	0	0	0	78	60	54	43	33	24	11	6	1	0	0	38	9	2	0	0	0	0	0	0	0	0	49	27	20	15	10	6	0	0	0	0	0	50	39	29	24	18	15	6	0	0	0	0	49	39	37	27	23	17	13	9	0	0	0	53	44	40	36	26	22	16	8	0	0	0	58	52	45	39	36	26	17	8	1	0	0	56	51	47	43	40	35	24	17	8	1	0	53	48	44	42	38	36	25	19	10	3	0	48	46	44	40	38	36	25	22	14	5	0	40	36	36	36	33	32	24	21	13	6	1	78	60	54	43	33	24	11	6	1	0	0
2018-05-20t1311.png	32	5540.4	0.207607413063	41	6691.4	0.101964322899	38	7088.76	0.0791976122718	30	7645.28	0.054834455473	23	8672.64	0.0290830846116	11	10223.04	0.0116609981259	2	13478.158	0.00111057125009	1	13969.594	0.000555285625043	1	16626.1752	0.000138821406261	50418	230.0	32848	244.0	2017	310.0	68	481.0	14	4222.0	33	5677.2005	21	8204.1203	0	18035.0	4	5.76388801329	9	4.77054230179	11	2.08189031903	4	5.76388801329	9	4.77054230179	11	2.08189031903	14	4.76975564409	13	3.99636517684	12	1.8588965138	16	2.01093631538	8	0.730533769177	6	0.436961301118	2	0.194725259259	1	0.0262747072096	1	0.0171247478528	21	1.46015850538	8	0.562909533483	6	0.418565918362	2	0.183332886371	1	0.0262747072096	1	0.0171247478528	30	1.03712263195	9	0.518469038789	6	0.368578594542	2	0.101819624816	1	0.0262747072096	1	0.0171247478528	11	0.281235227772	11	0.281235227772	7	0.216151696182	2	0.0778094266731	1	0.0251200738653	1	0.0171247478528	19	0	18	0	1	0	1	0	0	0	0	0	0	0	0	0	0	0	0	0	0	0	0	0	0	0	0	0	0	0	0	0	0	0	0	0	0	0	0	0	0	0	0	0	2	0	0	0	0	0	0	0	0	0	0	23	1	1	0	0	0	0	0	0	0	0	23	1	0	0	0	0	0	0	0	0	0	66	8	3	1	1	0	0	0	0	0	0	62	19	7	3	1	1	0	0	0	0	0	75	17	7	3	1	1	0	0	0	0	0	73	34	19	8	3	3	1	0	0	0	0	62	35	19	14	7	4	1	1	0	0	0	57	35	26	15	9	5	3	1	0	0	0	55	6	1	0	0	0	0	0	0	0	0	97	12	6	1	1	0	0	0	0	0	0	4	0	0	0	0	0	0	0	0	0	0	25	3	1	0	0	0	0	0	0	0	0	46	7	2	1	1	0	0	0	0	0	0	44	14	6	4	1	1	0	0	0	0	0	62	19	7	3	1	1	0	0	0	0	0	75	17	7	3	1	1	0	0	0	0	0	73	34	19	8	3	3	1	0	0	0	0	62	35	19	14	7	4	1	1	0	0	0	57	35	26	15	9	5	3	1	0	0	0	43	33	25	19	13	9	4	1	0	0	0	97	12	6	1	1	0	0	0	0	0	0
2018-05-23t0911.png	59	9127.0	0.100376238307	61	13580.5	0.0502226364295	62	14740.8	0.0401781091436	54	16395.9	0.0301680991336	47	18486.6	0.0200890545718	37	21217.7	0.0100445272859	3	31933.13	0.001001001001	3	36152.055	0.000517759138449	2	41579.361	0.00010355182769	48727	199.0	32169	212.0	1776	268.0	44	479.0	48	5351.401	60	9493.2005	46	18725.2807	0	46900.0	36	10.1631104483	48	7.38839916947	41	3.78024428768	36	10.1631104483	48	7.38839916947	41	3.78024428768	49	9.81636850635	51	7.32225082871	41	3.78024428768	49	4.28126549015	32	2.82482727848	20	1.55339905749	3	0.324131836947	3	0.318377251851	2	0.187607779382	51	3.67848555854	32	2.66625068614	20	1.52934287936	3	0.324131836947	3	0.318377251851	2	0.187607779382	54	2.91472530143	33	2.23698387319	20	1.40793215428	3	0.324131836947	3	0.318377251851	2	0.187607779382	37	1.18394431276	37	1.18394431276	21	0.92155312064	3	0.304820356555	3	0.299065771459	2	0.187607779382	82	3	78	3	54	0	50	0	35	0	36	0	15	0	14	0	8	0	8	0	3	0	3	0	2	0	2	0	1	0	1	0	0	0	0	0	0	0	0	0	0	0	0	0	44	3	3	0	0	0	0	0	0	0	0	58	40	30	11	4	3	2	0	0	0	0	70	50	38	16	9	3	3	1	0	0	0	66	52	46	41	33	19	4	3	0	0	0	55	47	44	40	35	30	18	5	2	0	0	68	55	54	53	44	42	20	8	3	1	0	64	58	53	51	46	42	36	22	4	2	0	56	52	49	49	45	42	35	25	6	3	1	46	43	42	41	40	36	30	22	11	3	1	96	74	59	49	34	18	5	3	2	0	0	98	78	71	63	54	42	15	7	3	0	0	38	6	3	1	0	0	0	0	0	0	0	49	35	26	18	7	4	2	0	0	0	0	62	47	40	33	24	13	3	2	0	0	0	51	42	39	35	28	22	13	6	1	0	0	55	47	44	40	35	30	18	5	2	0	0	68	55	54	53	44	42	20	8	3	1	0	64	58	53	51	46	42	36	22	4	2	0	56	52	49	49	45	42	35	25	6	3	1	46	43	42	41	40	36	30	22	11	3	1	39	37	37	37	36	33	28	21	15	5	3	98	78	71	63	54	42	15	7	3	0	0
2018-05-21t0511.png	29	6987.0	0.104514331446	28	8953.0	0.0521682425823	25	9543.36	0.0419124403474	20	10302.0	0.0315677149717	23	11329.64	0.0214304769244	14	13364.28	0.010996828408	7	21244.824	0.00127456501764	5	23070.448	0.000652103032279	1	28255.4208	0.000118564187687	48246	220.0	30393	234.0	714	333.0	35	730.0	40	5680.401	30	7663.0	19	12118.0401	0	29301.0	2	12.2872212043	9	7.22056065379	12	2.97708931396	5	9.01480038173	9	7.22056065379	12	2.97708931396	40	6.64803195716	15	5.43338228976	12	2.64125358144	17	3.17841717899	10	1.52464639437	10	1.30909398798	4	0.384043798696	4	0.361926954723	1	0.041341201167	20	2.53292877896	10	1.47347365915	10	1.27731974617	4	0.384043798696	4	0.361926954723	1	0.041341201167	20	2.00100148545	11	1.30286187756	10	1.16473787498	4	0.379860737877	4	0.357743893904	1	0.041341201167	14	0.879221469791	14	0.879221469791	12	0.811621791399	4	0.355772784304	4	0.25760686387	1	0.041341201167	37	0	38	0	9	0	9	0	5	0	5	0	2	0	2	0	1	0	1	0	0	0	0	0	0	0	0	0	0	0	0	0	0	0	0	0	0	0	0	0	0	0	0	0	9	1	0	0	0	0	0	0	0	0	0	34	10	6	3	1	0	0	0	0	0	0	42	10	4	4	2	0	0	0	0	0	0	57	26	17	9	6	4	1	0	0	0	0	56	31	27	18	15	8	5	2	0	0	0	69	34	24	15	10	7	4	1	0	0	0	69	41	32	28	20	18	7	6	1	0	0	50	42	33	27	25	21	14	7	2	0	0	43	40	34	28	24	23	19	8	3	1	0	53	16	10	7	6	3	1	0	0	0	0	74	31	20	15	9	6	3	1	0	0	0	20	2	0	0	0	0	0	0	0	0	0	34	15	7	5	2	1	0	0	0	0	0	45	24	16	8	6	2	1	0	0	0	0	40	26	22	18	14	7	4	1	0	0	0	56	31	27	18	15	8	5	2	0	0	0	69	34	24	15	10	7	4	1	0	0	0	69	41	32	28	20	18	7	6	1	0	0	50	42	33	27	25	21	14	7	2	0	0	43	40	34	28	24	23	19	8	3	1	0	36	34	31	26	24	23	21	14	5	1	0	74	31	20	15	9	6	3	1	0	0	0
2018-05-20t2111.png	38	5724.0	0.151027229741	35	7082.45	0.0842980596772	32	7549.36	0.0692972444155	34	8088.07	0.0548671123431	27	8841.38	0.0394586662319	21	10006.83	0.0224604598076	4	14334.722	0.00224196967226	1	16293.3515	0.000652209359204	1	18611.5692	0.000122289254851	45297	228.0	20884	246.0	753	367.0	38	698.0	18	4734.0	39	6400.2005	21	9989.4411	0	19336.0	7	6.49204333784	8	5.34009583519	11	2.25696600078	7	6.49204333784	8	5.34009583519	11	2.25696600078	20	5.48268558814	14	4.49427015045	11	2.23425792362	15	2.90803510065	11	2.09884398154	8	1.76820544247	2	0.742733258205	1	0.0897195672954	1	0.0765388896635	22	2.41126308593	12	1.82977314615	8	1.60089075991	2	0.712523069156	1	0.0897195672954	1	0.0765388896635	34	1.92068544843	14	1.49469165518	10	1.16964058186	3	0.327364703648	1	0.0897195672954	1	0.0765388896635	21	0.922367948473	21	0.922367948473	12	0.757082208794	3	0.307668690043	1	0.0897195672954	1	0.0765388896635	20	0	17	0	1	0	1	0	0	0	0	0	0	0	0	0	0	0	0	0	0	0	0	0	0	0	0	0	0	0	0	0	0	0	0	0	0	0	0	0	0	0	0	0	3	0	0	0	0	0	0	0	0	0	0	25	3	1	0	0	0	0	0	0	0	0	27	2	1	0	0	0	0	0	0	0	0	54	9	5	3	1	0	0	0	0	0	0	58	27	11	7	4	3	1	0	0	0	0	68	23	9	6	3	1	0	0	0	0	0	65	39	22	11	8	4	2	1	0	0	0	53	35	24	19	10	7	3	2	0	0	0	50	39	29	22	15	8	5	3	0	0	0	60	4	1	0	0	0	0	0	0	0	0	90	17	7	1	1	0	0	0	0	0	0	9	0	0	0	0	0	0	0	0	0	0	31	5	3	1	0	0	0	0	0	0	0	47	8	4	3	1	0	0	0	0	0	0	38	20	9	7	3	3	0	0	0	0	0	58	27	11	7	4	3	1	0	0	0	0	68	23	9	6	3	1	0	0	0	0	0	65	39	22	11	8	4	2	1	0	0	0	53	35	24	19	10	7	3	2	0	0	0	50	39	29	22	15	8	5	3	0	0	0	35	32	28	22	16	12	8	4	2	0	0	90	17	7	1	1	0	0	0	0	0	0
2018-05-24t1711.png	48	8734.9	0.101159400637	46	12909.3	0.0501050918706	47	14192.32	0.0400705132551	49	15422.63	0.0300020340362	44	17374.24	0.0200013560241	29	20461.3	0.0100006780121	6	27863.162	0.00101701810292	3	30276.1025	0.000508509051461	1	34189.3641	0.000101701810292	45594	191.0	29876	204.0	3084	248.0	76	416.0	40	5028.401	50	9181.2005	43	17651.9223	0	36613.0	33	10.3435690279	41	7.73359603001	31	4.38070077091	33	10.3435690279	41	7.73359603001	31	4.38070077091	42	10.0917778669	42	7.65116884326	31	4.37985370816	37	4.6535057821	24	2.84630848201	16	1.58739129713	6	0.566356966337	3	0.305859854098	1	0.0904663013997	41	3.78015353713	25	2.33607959258	17	1.36032286826	6	0.566356966337	3	0.305859854098	1	0.0904663013997	49	2.99156832883	25	2.08900057217	17	1.31743540337	6	0.561146200201	3	0.300649087963	1	0.0904663013997	29	1.21533181581	29	1.21533181581	18	0.985842692727	6	0.45511917591	3	0.246495259432	1	0.0904663013997	67	1	63	1	39	0	39	0	22	0	22	0	10	0	10	0	8	0	8	0	3	0	1	0	0	0	0	0	0	0	0	0	0	0	0	0	0	0	0	0	0	0	0	0	40	8	0	0	0	0	0	0	0	0	0	47	33	21	17	10	3	0	0	0	0	0	56	40	28	17	11	8	0	0	0	0	0	49	45	41	34	26	20	13	3	0	0	0	47	46	42	38	33	29	18	14	0	0	0	55	49	45	42	38	32	21	13	0	0	0	50	48	48	43	42	38	30	20	10	0	0	47	47	47	43	42	39	32	23	15	4	0	45	45	45	42	39	36	30	22	16	6	1	77	51	43	37	19	13	6	1	0	0	0	74	60	53	44	40	29	15	7	0	0	0	38	14	1	0	0	0	0	0	0	0	0	45	32	23	17	14	8	1	0	0	0	0	47	42	37	30	21	17	10	0	0	0	0	45	43	39	33	28	21	16	9	1	0	0	47	46	42	38	33	29	18	14	0	0	0	55	49	45	42	38	32	21	13	0	0	0	50	48	48	43	42	38	30	20	10	0	0	47	47	47	43	42	39	32	23	15	4	0	45	45	45	42	39	36	30	22	16	6	1	40	40	40	39	38	34	29	24	14	9	2	74	60	53	44	40	29	15	7	0	0	0
2018-05-20t0511.png	28	4595.0	0.164089775561	25	5611.2	0.0712219451372	22	5974.0	0.0527680798005	12	6379.56	0.0385037406484	12	6928.8	0.0263341645885	6	7924.76	0.0126683291771	2	10830.784	0.00109725685786	3	11197.644	0.000598503740648	2	11430.5368	0.000199501246883	54520	229.0	45642	241.0	11194	267.0	1378	303.0	6	2573.401	16	3923.0	21	5922.0401	0	11607.0	3	3.66299109073	6	2.85330511472	8	1.71226197947	3	3.66299109073	6	2.85330511472	8	1.71226197947	8	3.39205337802	7	2.74312038015	8	1.70376110215	8	0.751550595623	5	0.445460918104	3	0.353418073676	1	0.145247660505	1	0.0498925698509	1	0.0416544302071	8	0.579028575488	5	0.364551728409	4	0.236585930081	1	0.0564683098704	1	0.0498925698509	1	0.0416544302071	12	0.433845723608	6	0.294072202457	4	0.222750456308	1	0.0555802565457	1	0.0498925698509	1	0.0416544302071	6	0.168251219309	6	0.168251219309	4	0.147756367358	1	0.046888894421	1	0.0412012077262	1	0.0351884561475	5	0	4	0	0	0	0	0	0	0	0	0	0	0	0	0	0	0	0	0	0	0	0	0	0	0	0	0	0	0	0	0	0	0	0	0	0	0	0	0	0	0	0	0	0	0	0	0	0	0	0	0	0	0	0	5	0	0	0	0	0	0	0	0	0	0	8	0	0	0	0	0	0	0	0	0	0	20	2	0	0	0	0	0	0	0	0	0	29	4	2	0	0	0	0	0	0	0	0	34	8	1	0	0	0	0	0	0	0	0	48	8	4	2	0	0	0	0	0	0	0	44	10	7	4	0	0	0	0	0	0	0	34	11	5	3	3	0	0	0	0	0	0	18	0	0	0	0	0	0	0	0	0	0	37	2	0	0	0	0	0	0	0	0	0	0	0	0	0	0	0	0	0	0	0	0	4	0	0	0	0	0	0	0	0	0	0	12	0	0	0	0	0	0	0	0	0	0	22	3	0	0	0	0	0	0	0	0	0	29	4	2	0	0	0	0	0	0	0	0	34	8	1	0	0	0	0	0	0	0	0	48	8	4	2	0	0	0	0	0	0	0	44	10	7	4	0	0	0	0	0	0	0	34	11	5	3	3	0	0	0	0	0	0	23	15	9	6	4	3	0	0	0	0	0	37	2	0	0	0	0	0	0	0	0	0
2018-05-23t2111.png	46	8078.2	0.117056400831	51	13305.5	0.0563327546887	53	14951.56	0.044079104122	52	16897.28	0.0320296810647	39	19488.88	0.0212396609823	28	23029.74	0.0106198304912	6	32850.368	0.00108921338371	4	35925.104	0.000544606691855	1	42214.8706	0.000102113754723	48594	198.0	32715	211.0	2126	262.0	94	440.0	43	4930.0	53	9581.0	35	20118.0401	0	48418.0	36	10.4878427455	47	7.72271656034	30	3.71130099458	36	10.4878427455	47	7.72271656034	30	3.71130099458	44	10.2632163074	47	7.72271656034	30	3.71130099458	46	4.91487018679	22	2.97075640999	16	2.29160151442	5	0.543379850174	4	0.336742234445	1	0.0466511218407	48	4.3127716124	22	2.84133749842	16	2.2589289555	5	0.543379850174	4	0.336742234445	1	0.0466511218407	52	3.38826106111	25	2.38784952489	18	1.87841680214	5	0.528312948167	4	0.326871912277	1	0.0466511218407	28	1.39140769289	28	1.39140769289	20	1.17483178449	5	0.410067640363	4	0.215705269575	1	0.0466511218407	74	2	70	3	45	0	43	0	32	0	31	0	21	0	21	0	12	0	12	0	6	0	6	0	2	0	2	0	0	0	1	0	0	0	0	0	0	0	0	0	0	0	0	0	43	10	5	1	0	0	0	0	0	0	0	52	38	28	21	13	6	3	0	0	0	0	57	43	33	25	18	11	4	2	0	0	0	56	49	44	40	29	28	15	6	1	0	0	49	46	43	38	33	25	25	13	5	0	0	56	52	50	46	42	36	26	17	5	1	0	54	53	51	48	43	41	28	27	13	5	1	47	47	44	43	40	38	30	25	15	6	3	43	43	41	40	38	37	29	25	18	7	3	78	61	51	38	30	24	12	3	1	0	0	75	67	61	54	46	37	24	13	3	1	0	39	14	7	4	0	0	0	0	0	0	0	46	35	25	24	14	10	4	2	0	0	0	50	42	37	25	25	22	10	5	0	0	0	47	41	38	35	26	25	19	10	3	0	0	49	46	43	38	33	25	25	13	5	0	0	56	52	50	46	42	36	26	17	5	1	0	54	53	51	48	43	41	28	27	13	5	1	47	47	44	43	40	38	30	25	15	6	3	43	43	41	40	38	37	29	25	18	7	3	41	41	40	38	35	34	31	25	20	9	2	75	67	61	54	46	37	24	13	3	1	0
2018-05-24t0911.png	48	7844.8	0.11463674846	45	12312.6	0.0555459958014	45	13769.04	0.0441545926971	41	15448.52	0.0327631895929	41	17459.64	0.0218191829852	31	20438.76	0.0107719310321	9	27192.384	0.00103245345356	6	28815.224	0.000516226726778	1	34784.1168	0.000103245345356	46859	192.0	30433	205.0	2579	252.0	75	429.0	49	4991.401	53	8979.6015	40	18099.2005	0	37486.0	38	10.2543922271	41	7.59003412074	29	3.74252401333	38	10.2543922271	41	7.59003412074	29	3.74252401333	49	9.90563408071	42	7.48471685525	29	3.74252401333	37	4.52048184307	19	2.79348523803	15	2.26244932538	9	0.906317323009	6	0.55349782621	1	0.0955986581777	38	4.05172127159	19	2.71216210585	15	2.22393222158	9	0.894802068304	6	0.547630997206	1	0.0955986581777	41	3.16447296853	24	2.20937460547	18	1.86297321071	9	0.838723538737	6	0.523154032951	1	0.0955986581777	31	1.25116730706	31	1.25116730706	23	0.990269956231	9	0.448059640691	6	0.274894353176	1	0.0856516275001	64	0	60	0	38	0	37	0	26	0	25	0	11	0	11	0	4	0	4	0	2	0	2	0	0	0	0	0	0	0	0	0	0	0	0	0	0	0	0	0	0	0	0	0	37	8	0	0	0	0	0	0	0	0	0	45	31	23	13	10	2	0	0	0	0	0	59	42	29	18	9	6	0	0	0	0	0	50	43	38	32	25	19	11	2	0	0	0	48	44	39	37	30	27	16	12	0	0	0	56	51	47	42	38	30	19	12	1	0	0	51	49	46	42	40	37	26	18	11	0	0	49	48	47	40	38	37	29	23	13	4	0	43	43	42	39	38	36	30	26	13	6	0	81	64	53	35	28	13	3	1	0	0	0	80	69	63	56	45	34	15	6	1	0	0	37	13	3	0	0	0	0	0	0	0	0	43	32	26	17	13	10	0	0	0	0	0	47	39	33	27	19	14	9	0	0	0	0	43	39	36	32	26	22	13	9	1	0	0	48	44	39	37	30	27	16	12	0	0	0	56	51	47	42	38	30	19	12	1	0	0	51	49	46	42	40	37	26	18	11	0	0	49	48	47	40	38	37	29	23	13	4	0	43	43	42	39	38	36	30	26	13	6	0	40	40	39	38	38	35	28	25	14	7	2	80	69	63	56	45	34	15	6	1	0	0
2018-05-21t1311.png	35	6547.0	0.127850309849	34	8691.95	0.0664219962698	39	9350.52	0.053606882859	38	10182.54	0.0414836652428	42	11328.54	0.0280969857409	24	13563.16	0.0135972564828	9	18991.914	0.00159436856988	7	20057.6425	0.000962637627098	5	21813.554	0.000330906684315	45015	220.0	14474	242.0	476	410.0	20	912.0	20	5599.0	37	7948.401	29	12968.1203	0	25923.0	12	7.66421407666	18	6.04051702435	19	3.17765185289	12	7.66421407666	18	6.04051702435	19	3.17765185289	20	6.88130759243	19	5.54173009007	21	2.91253442244	20	3.9813609911	20	1.99097410383	18	1.48765709244	9	0.509982511118	7	0.342841629037	5	0.153680830232	29	3.13558612656	20	1.91335557041	18	1.44220148662	9	0.509982511118	7	0.342841629037	5	0.153680830232	38	2.53767695172	21	1.60328366882	19	1.19099184656	9	0.504559352	7	0.337418469918	5	0.153680830232	24	1.02913506824	24	1.02913506824	19	0.807952933161	9	0.380904476994	7	0.279742898667	5	0.150115405666	46	0	45	0	12	0	12	0	3	0	3	0	0	0	0	0	0	0	0	0	0	0	0	0	0	0	0	0	0	0	0	0	0	0	0	0	0	0	0	0	0	0	0	0	20	0	0	0	0	0	0	0	0	0	0	38	14	7	1	0	0	0	0	0	0	0	56	18	7	0	0	0	0	0	0	0	0	54	30	25	14	7	4	0	0	0	0	0	52	37	29	23	19	10	4	0	0	0	0	69	39	31	24	18	9	3	0	0	0	0	56	42	35	30	25	22	10	4	0	0	0	58	45	41	36	30	27	18	8	2	0	0	43	37	34	30	28	26	21	12	3	0	0	77	26	16	7	3	0	0	0	0	0	0	92	42	30	22	13	6	0	0	0	0	0	23	2	0	0	0	0	0	0	0	0	0	36	19	10	4	2	0	0	0	0	0	0	46	28	20	10	4	3	0	0	0	0	0	39	28	24	20	15	7	3	1	0	0	0	52	37	29	23	19	10	4	0	0	0	0	69	39	31	24	18	9	3	0	0	0	0	56	42	35	30	25	22	10	4	0	0	0	58	45	41	36	30	27	18	8	2	0	0	43	37	34	30	28	26	21	12	3	0	0	35	33	31	30	27	26	20	15	4	1	0	92	42	30	22	13	6	0	0	0	0	0
2018-05-20t0911.png	35	4882.4	0.133072188025	35	5977.75	0.0672635702294	24	6332.48	0.05310576385	21	6837.86	0.0399552322328	22	7448.48	0.0273083379966	12	8457.1	0.0134862898713	4	12038.493	0.00134303301623	2	12654.122	0.000727476217124	1	14281.0094	0.000223838836038	47676	230.0	30438	244.0	3764	292.0	224	409.0	10	3136.0	29	4630.0	21	7258.0802	0	15140.0	5	4.36763462564	11	3.65715481096	12	1.46579925908	5	4.36763462564	11	3.65715481096	12	1.46579925908	11	4.06056138535	14	3.28749657604	12	1.46021783936	13	1.41385221552	10	0.910936892768	7	0.48827848599	3	0.104562073849	2	0.0906128962058	1	0.0225927861154	16	1.12334793157	12	0.662924521618	8	0.425606058544	3	0.104562073849	2	0.0906128962058	1	0.0225927861154	21	0.867367807636	12	0.583671917289	8	0.391434981391	3	0.104562073849	2	0.0906128962058	1	0.0225927861154	12	0.34732672721	12	0.34732672721	8	0.297059850989	3	0.0966220081249	2	0.0850582892235	1	0.0225927861154	10	0	9	0	0	0	0	0	0	0	0	0	0	0	0	0	0	0	0	0	0	0	0	0	0	0	0	0	0	0	0	0	0	0	0	0	0	0	0	0	0	0	0	0	1	0	0	0	0	0	0	0	0	0	0	12	1	0	0	0	0	0	0	0	0	0	16	1	0	0	0	0	0	0	0	0	0	42	3	2	1	0	0	0	0	0	0	0	42	12	4	2	1	0	0	0	0	0	0	50	10	4	2	1	0	0	0	0	0	0	51	18	13	4	3	2	0	0	0	0	0	47	24	15	8	4	2	0	0	0	0	0	44	25	16	12	5	4	1	0	0	0	0	28	2	0	0	0	0	0	0	0	0	0	58	6	2	2	0	0	0	0	0	0	0	2	0	0	0	0	0	0	0	0	0	0	16	1	0	0	0	0	0	0	0	0	0	30	3	1	0	0	0	0	0	0	0	0	27	8	3	1	0	0	0	0	0	0	0	42	12	4	2	1	0	0	0	0	0	0	50	10	4	2	1	0	0	0	0	0	0	51	18	13	4	3	2	0	0	0	0	0	47	24	15	8	4	2	0	0	0	0	0	44	25	16	12	5	4	1	0	0	0	0	36	18	15	11	7	5	4	0	0	0	0	58	6	2	2	0	0	0	0	0	0	0
2018-05-24t0111.png	53	7773.0	0.114277272578	48	12121.0	0.0528544696497	43	13420.2	0.0417583139096	34	15236.6	0.0308263024851	32	17599.4	0.0201897508289	23	21046.0	0.0100128032566	5	29168.5	0.00101769475723	3	31233.47	0.000525261810184	1	38687.446	0.000131315452546	46792	193.0	31650	205.0	1788	259.0	63	470.0	40	5174.401	51	9155.2005	27	18174.0802	0	46609.0	32	10.2330601568	43	7.5395022854	24	3.40508128491	32	10.2330601568	43	7.5395022854	24	3.40508128491	40	9.92080875755	44	7.50597805187	24	3.40508128491	29	4.30478650574	19	2.87608442079	13	1.92429432632	4	0.57470445347	3	0.449964672127	1	0.062386666377	32	3.87032627577	19	2.80070748718	13	1.89966574592	4	0.57470445347	3	0.449964672127	1	0.062386666377	34	3.15356280303	22	2.21724846425	15	1.57925481147	4	0.572338072511	3	0.447598291167	1	0.062386666377	23	1.26944880675	23	1.26944880675	16	1.04317054747	5	0.433292976411	3	0.239498353675	1	0.062386666377	68	1	67	2	33	0	33	0	22	0	22	0	11	0	11	0	7	0	5	0	4	0	4	0	1	0	1	0	0	0	0	0	0	0	0	0	0	0	0	0	0	0	0	0	32	7	3	0	0	0	0	0	0	0	0	50	29	23	17	9	4	1	0	0	0	0	60	33	25	21	11	8	2	0	0	0	0	53	49	33	30	25	22	13	4	0	0	0	50	47	39	32	28	25	20	14	3	0	0	59	56	49	37	31	28	22	13	3	0	0	55	53	51	48	40	32	26	23	9	2	0	50	48	48	45	39	32	28	25	14	7	3	42	41	41	40	33	30	26	23	13	6	4	77	52	37	28	20	12	4	1	1	0	0	79	64	52	40	31	27	16	7	1	0	0	31	13	5	2	0	0	0	0	0	0	0	43	28	23	18	13	7	3	0	0	0	0	48	38	29	25	23	18	8	2	0	0	0	44	41	30	27	23	22	15	9	3	0	0	50	47	39	32	28	25	20	14	3	0	0	59	56	49	37	31	28	22	13	3	0	0	55	53	51	48	40	32	26	23	9	2	0	50	48	48	45	39	32	28	25	14	7	3	42	41	41	40	33	30	26	23	13	6	4	37	37	37	34	32	29	26	24	15	6	3	79	64	52	40	31	27	16	7	1	0	0
